"Name","Color","Rarity","# Seen","ALSA","# Picked","ATA","# GP","% GP","GP WR","# OH","OH WR","# GD","GD WR","# GIH","GIH WR","# GNS","GNS WR","IIH"
"Long-Bodied Grey Dog","","C","143839","7.11","16517","10.57","19639","19.2%","52.0%","3383","52.3%","4762","51.6%","8145","51.9%","11495","52.1%","-0.2pp"
"Old Thrush","","C","141672","7.05","15493","10.50","20145","21.3%","51.4%","3663","50.8%","5065","52.5%","8728","51.8%","11416","51.2%","0.6pp"
"Troop of Ponies","","U","49114","4.91","6763","7.09","21306","52.0%","52.5%","4004","53.3%","5182","52.9%","9186","53.0%","12085","52.1%","0.9pp"
"Belladonna Took","W","R","9430","3.19","2234","3.67","8404","63.2%","51.4%","1535","50.8%","2455","51.6%","3990","51.3%","4383","51.5%","-0.2pp"
"Bilbo's Gambit","W","R","15355","4.99","1970","7.42","2586","21.9%","49.0%","448","","695","48.8%","1143","49.0%","1444","48.9%","0.1pp"
"Bofur, Reliable Guardian","W","U","39513","4.22","7556","5.50","36082","77.0%","55.0%","6259","53.5%","9329","57.2%","15588","55.7%","20337","54.4%","1.3pp"
"Celebrate the Mountain-king","W","U","25121","2.69","10706","2.95","62090","90.7%","57.9%","10501","59.1%","17911","63.4%","28412","61.8%","33640","54.7%","7.2pp"
"Dáin, Lord of the Iron Hills","W","U","37596","4.14","7268","5.32","32962","74.2%","54.0%","5805","53.5%","8587","54.1%","14392","53.9%","18439","54.0%","-0.1pp"
"Dwarven Provisioner","W","C","131479","6.34","20070","8.82","72632","58.1%","55.0%","12979","53.6%","19397","55.7%","32376","54.8%","40063","55.1%","-0.3pp"
"Dwarven Shortsword","W","C","125227","6.02","17482","8.59","60253","55.6%","54.4%","10193","52.2%","15068","53.9%","25261","53.2%","34644","55.3%","-2.0pp"
"Eagle of the Great Shelf","W","U","49612","5.66","6644","7.97","18547","45.7%","51.5%","3023","48.3%","5447","53.8%","8470","51.8%","10175","51.3%","0.6pp"
"The Eagles Are Coming!","W","R","5835","2.08","3188","2.06","17469","87.9%","56.1%","2951","56.3%","5049","60.9%","8000","59.2%","9477","53.6%","5.6pp"
"Esgaroth Garrison","W","C","141647","7.66","18033","10.91","23829","21.4%","53.4%","3942","52.3%","7358","56.8%","11300","55.2%","12593","51.9%","3.3pp"
"Fíli the Pathfinder","W","R","5561","1.98","3201","1.92","18556","88.6%","59.1%","3278","65.7%","4960","66.4%","8238","66.1%","10183","53.1%","13.0pp"
"Gleaming Splendor","W","M","5637","3.81","749","5.47","951","21.3%","40.2%","165","","241","","406","","544","43.8%",""
"Iron Hills Blacksmith","W","U","31734","3.36","8738","4.03","47834","86.7%","56.5%","8762","57.8%","12540","57.5%","21302","57.6%","26401","55.5%","2.1pp"
"Kíli the Resourceful","W","R","6871","2.41","3137","2.39","16579","82.8%","57.9%","3065","66.6%","4131","59.7%","7196","62.6%","9248","54.0%","8.6pp"
"Lake-town Lookout","W","C","139295","7.32","16419","10.61","24337","24.0%","51.3%","4371","50.8%","7167","52.1%","11538","51.6%","12796","51.0%","0.7pp"
"Lake-town Toymaker","W","U","52742","6.11","8087","8.28","20658","41.6%","53.1%","3465","50.6%","6637","55.7%","10102","54.0%","10585","52.4%","1.6pp"
"Magnificent End","W","C","105284","4.66","19587","6.27","97267","80.0%","55.1%","16545","53.7%","27612","57.2%","44157","55.9%","53139","54.5%","1.4pp"
"Moment of Glory","W","C","142116","7.61","16078","11.16","16497","16.7%","51.1%","2819","48.8%","4686","52.3%","7505","51.0%","9003","51.1%","-0.1pp"
"The Mountain-king's Return","W","U","31208","3.33","10385","3.78","57056","86.9%","57.8%","10022","60.7%","16394","61.2%","26416","61.0%","30634","54.9%","6.1pp"
"Ori, Keeper of Songs","W","C","133417","6.71","17587","9.60","50261","46.0%","55.1%","8718","54.7%","12518","55.1%","21236","54.9%","28846","55.1%","-0.1pp"
"The Queen of Dale","W","M","2939","2.06","1347","2.07","6854","82.9%","55.7%","1219","58.7%","1915","58.5%","3134","58.6%","3719","53.3%","5.2pp"
"Roads Go Ever, Ever On","W","R","10076","3.28","2653","3.78","11882","73.0%","55.3%","2113","56.2%","3281","56.0%","5394","56.1%","6486","54.7%","1.4pp"
"Settle the Wreckage","W","R","6738","2.32","2752","2.43","14677","85.4%","56.0%","2501","54.4%","4229","61.7%","6730","59.0%","7948","53.4%","5.6pp"
"Stone by Sunlight","W","U","29841","3.14","9868","3.62","55556","89.3%","57.0%","9565","56.9%","15510","62.2%","25075","60.2%","30488","54.3%","5.9pp"
"Thorin's Last Stand","W","C","143275","7.78","15533","11.41","10870","11.4%","49.2%","1757","44.8%","2888","50.9%","4645","48.6%","6232","49.7%","-1.1pp"
"An Unexpected Party","W","R","5131","1.76","3397","1.72","20039","91.4%","58.8%","3476","62.3%","5627","67.1%","9103","65.3%","10926","53.4%","11.9pp"
"Velvetwing Butterflies","W","C","136187","6.82","15779","9.96","31278","32.1%","52.8%","5336","48.6%","8422","55.4%","13758","52.8%","17558","52.9%","-0.1pp"
"Vow to Erebor","W","C","142125","7.75","15595","11.32","16826","17.5%","52.4%","2727","50.1%","3920","52.5%","6647","51.5%","10181","52.9%","-1.4pp"
"Bilbo, Luckwearer","U","U","32599","3.56","9919","4.03","53369","85.9%","56.0%","9496","59.1%","16665","60.6%","26161","60.1%","26979","52.2%","7.8pp"
"Bilbo, Thief in the Night","U","M","3458","2.49","1354","2.66","6211","75.5%","54.5%","1080","57.8%","1950","58.7%","3030","58.3%","3144","50.9%","7.5pp"
"Bilbo Baggins, Burglar","U","C","110094","5.14","23764","6.39","111356","75.7%","55.0%","19905","55.5%","33868","58.2%","53773","57.2%","56814","52.9%","4.3pp"
"Confusticate and Bebother","U","C","134179","6.86","18019","9.67","43775","39.8%","51.6%","7603","50.0%","13231","55.7%","20834","53.7%","22941","49.8%","3.9pp"
"Elrond, Moon-Reader","U","M","3807","2.81","1057","3.07","3798","61.8%","49.4%","676","49.0%","1113","51.4%","1789","50.5%","1994","48.1%","2.3pp"
"Elven Raft-Steerer","U","U","53201","6.30","6001","9.33","10322","28.4%","49.1%","1832","47.8%","2664","50.3%","4496","49.3%","5781","49.0%","0.3pp"
"Elvenking's Harper","U","C","143423","7.91","18084","11.21","23917","21.7%","51.1%","4189","50.3%","6630","54.0%","10819","52.6%","13021","49.6%","3.0pp"
"Enchanted River's Grasp","U","C","109257","5.02","19219","6.68","90708","77.8%","53.2%","15432","50.8%","28223","57.5%","43655","55.1%","46730","51.4%","3.7pp"
"Fateful Discovery","U","M","8389","5.32","1088","8.10","73","1.1%","","14","","20","","34","","40","",""
"Gandalf, Wandering Wizard","U","C","143136","7.91","17198","11.32","14419","13.7%","49.5%","2343","47.8%","4513","53.2%","6856","51.4%","7639","48.0%","3.4pp"
"Great Gilded Boat","U","R","7401","2.53","3622","2.59","19990","86.7%","56.5%","3452","63.1%","6359","60.4%","9811","61.3%","10213","51.9%","9.5pp"
"Lakeshore Apothecary","U","C","117306","5.76","24226","7.17","117426","78.2%","55.4%","21043","57.5%","38472","57.7%","59515","57.6%","57999","53.2%","4.4pp"
"Lake-town Mariners","U","U","55142","6.38","7145","9.15","12686","29.1%","50.3%","2113","47.2%","3725","53.4%","5838","51.1%","6827","49.4%","1.7pp"
"Long Lake Nuisance","U","C","128060","6.36","24229","8.10","98973","65.9%","55.3%","16989","54.9%","32394","59.5%","49383","57.9%","49695","52.8%","5.1pp"
"The Lord of the Eagles","U","R","10768","3.74","2152","4.46","6887","53.1%","50.5%","1209","48.0%","2101","53.6%","3310","51.6%","3581","49.3%","2.3pp"
"Master's Councillors","U","U","43929","4.94","10277","5.89","49839","77.8%","55.7%","8860","56.6%","16382","59.2%","25242","58.3%","24695","53.0%","5.4pp"
"Mirkwood Meditator","U","C","145748","8.60","16162","12.37","4393","4.4%","46.7%","796","46.5%","1129","48.0%","1925","47.4%","2461","46.1%","1.3pp"
"Most Decrepit Old Bird","U","R","14067","4.34","2577","5.71","7893","49.9%","53.1%","1323","53.4%","2481","57.5%","3804","56.1%","4092","50.3%","5.8pp"
"Old Fat Spider Can't See Me","U","U","47630","5.36","7451","7.29","22508","50.0%","51.1%","3791","48.9%","6920","54.6%","10711","52.6%","11746","49.8%","2.8pp"
"Plunder the Trollshaws","U","C","121922","5.82","22903","7.55","101683","71.5%","55.6%","17938","55.6%","31846","60.1%","49784","58.5%","51898","52.8%","5.7pp"
"Ravenhill Flock","U","U","45553","5.22","6052","7.39","18523","50.5%","50.1%","3078","47.2%","5919","53.9%","8997","51.6%","9562","48.6%","3.0pp"
"Riddles in the Dark","U","R","13565","4.48","2328","5.91","5838","41.6%","50.3%","993","48.2%","1736","52.3%","2729","50.8%","3109","49.9%","0.9pp"
"Roll-Roll-Roll-Roll","U","R","15745","5.09","2345","7.12","3251","23.4%","46.2%","536","37.9%","939","47.9%","1475","44.3%","1763","47.7%","-3.4pp"
"Sound the Trumpets","U","U","54928","6.40","7960","8.89","17171","35.3%","52.6%","2849","51.6%","5424","57.0%","8273","55.2%","8896","50.3%","4.9pp"
"Thranduil's Decree","U","U","55955","6.58","7280","9.50","10787","24.2%","49.7%","1795","47.7%","3298","52.5%","5093","50.8%","5692","48.7%","2.1pp"
"Uncover the Moon-Letters","U","R","18423","6.02","2425","9.16","664","4.4%","45.9%","115","","199","","314","","351","",""
"Uneasy Partings","U","C","132061","6.61","22744","8.83","79732","56.9%","54.2%","13248","50.8%","24940","58.6%","38188","55.9%","41572","52.5%","3.4pp"
"Wizard's Staff","U","R","15935","5.16","2004","7.71","1242","10.4%","41.4%","194","","332","","526","40.7%","713","42.1%","-1.4pp"
"Along the Crooked Way","B","R","9760","3.19","2316","3.71","9854","69.4%","54.0%","1719","48.3%","2247","55.6%","3966","52.4%","5880","55.0%","-2.5pp"
"Azog, Moria's Ruin","B","R","7643","2.55","2512","2.79","12787","83.1%","53.4%","2221","50.3%","2930","53.3%","5151","52.0%","7619","54.4%","-2.3pp"
"Bilbo's Deadly Slice","B","C","64552","2.90","20721","3.49","123319","93.6%","56.9%","21009","55.3%","27940","58.8%","48949","57.3%","74396","56.6%","0.6pp"
"Crude Bent Blade","B","C","78412","3.54","26328","4.09","154522","90.4%","58.7%","26843","60.7%","34927","60.6%","61770","60.6%","92517","57.4%","3.3pp"
"Desolation Prowler","B","U","25344","2.79","11753","3.02","71554","92.7%","59.1%","12967","64.6%","15889","59.0%","28856","61.5%","42804","57.4%","4.1pp"
"Down, Down to Goblin-town","B","U","30623","3.25","11186","3.65","63776","88.0%","58.4%","11243","60.6%","14352","58.9%","25595","59.6%","38127","57.5%","2.1pp"
"Dreaded Bat-Cloud","B","U","36339","3.76","7964","4.86","42177","83.4%","56.4%","7002","55.0%","9676","57.0%","16678","56.2%","25566","56.6%","-0.4pp"
"Front Porch Sentries","B","C","130413","5.92","20645","8.49","69419","52.9%","56.0%","12384","55.5%","15715","54.8%","28099","55.1%","41318","56.5%","-1.4pp"
"Gathering of Darkness","B","U","37193","3.88","8577","4.94","42865","79.1%","55.7%","7070","52.1%","9644","56.5%","16714","54.7%","26161","56.3%","-1.7pp"
"Gnashing of Teeth","B","U","26069","2.74","8649","3.20","49701","90.8%","56.1%","8474","54.5%","11102","56.9%","19576","55.9%","30138","56.2%","-0.4pp"
"Gollum, Riddle Master","B","M","2212","1.53","1600","1.52","9350","90.8%","58.7%","1667","68.6%","2140","60.3%","3807","64.0%","5478","55.2%","8.8pp"
"Gollum, Silent Slinker","B","C","110620","4.90","24580","6.27","127405","80.4%","58.4%","21652","59.3%","28522","59.7%","50174","59.5%","76401","57.7%","1.8pp"
"Gollum the Abandoned","B","U","42511","4.37","9453","5.57","45878","76.1%","57.1%","8224","57.5%","10260","57.1%","18484","57.2%","27222","57.0%","0.2pp"
"Great Fierce Bee","B","C","138030","6.74","16191","10.14","24612","24.2%","53.4%","4184","51.4%","5635","53.2%","9819","52.4%","14824","54.0%","-1.5pp"
"Great Ugly-Looking Goblin","B","U","33378","3.49","9021","4.31","50618","88.1%","57.0%","8981","56.9%","11273","57.3%","20254","57.1%","30341","56.9%","0.2pp"
"Head of the Hunt","B","R","4682","1.63","3218","1.62","19350","93.4%","57.7%","3298","60.0%","4498","60.5%","7796","60.3%","11561","55.9%","4.5pp"
"Inside Information","B","M","3967","2.71","1068","2.99","4822","72.4%","53.1%","845","49.0%","1152","50.8%","1997","50.0%","2831","55.3%","-5.3pp"
"The Master of Lake-town","B","R","9257","2.96","2654","3.38","12816","77.3%","55.4%","2175","53.4%","2977","55.3%","5152","54.5%","7676","56.0%","-1.5pp"
"Nighthowl Pursuer","B","U","36709","3.89","10223","4.62","55070","83.1%","58.5%","9868","62.6%","11940","56.3%","21808","59.1%","33273","58.1%","1.1pp"
"Rage into the Valley","B","C","113115","4.92","23577","6.62","118951","78.9%","57.0%","20684","55.9%","26659","55.9%","47343","55.9%","71617","57.7%","-1.8pp"
"Ravening Warg","B","C","107167","4.65","21034","6.31","113110","84.0%","57.8%","20075","58.1%","24847","57.1%","44922","57.6%","68147","58.0%","-0.4pp"
"Reverent Howl","B","C","133484","6.19","17276","9.26","43968","40.4%","54.6%","7506","51.7%","9602","54.7%","17108","53.4%","26873","55.3%","-2.0pp"
"Rhovanion Rampager","B","R","5121","1.78","3243","1.80","19398","93.2%","58.1%","3344","62.6%","4514","58.8%","7858","60.4%","11614","56.5%","3.9pp"
"The Sackville-Bagginses","B","R","7537","2.55","3161","2.73","17638","87.0%","57.1%","3070","57.7%","3998","59.3%","7068","58.6%","10485","56.3%","2.3pp"
"Stir Up Trouble","B","C","97082","4.14","22498","5.44","123437","87.0%","56.4%","20946","54.2%","28082","57.9%","49028","56.3%","74459","56.4%","-0.0pp"
"Stony-Voiced Goblins","B","C","117958","5.09","22956","6.99","111001","76.0%","56.6%","19919","56.2%","24972","55.4%","44891","55.8%","66058","57.2%","-1.4pp"
"Supper for Spiders","B","R","17741","5.57","2179","8.54","905","6.7%","45.2%","140","","198","","338","","568","47.2%",""
"Balin, Loremaster","R","R","10791","3.54","2071","4.48","7742","61.7%","53.5%","1331","47.7%","1821","53.4%","3152","51.0%","4559","55.0%","-4.0pp"
"Bombur, Gentle Dreamer","R","U","46573","4.93","7650","6.84","30552","63.9%","55.0%","5273","54.6%","7216","54.3%","12489","54.4%","17934","55.3%","-0.8pp"
"Bothersome Noisemaker","R","U","27848","2.98","11354","3.26","67408","90.9%","58.8%","12137","63.9%","15468","58.6%","27605","60.9%","39843","57.3%","3.6pp"
"Burn, Burn, Tree and Fern","R","U","26212","2.77","10296","3.08","59850","90.8%","57.7%","10155","58.7%","13907","60.5%","24062","59.8%","35772","56.3%","3.4pp"
"Dáin Ironfoot","R","R","5795","2.02","3287","2.03","19174","91.6%","58.2%","3381","62.1%","4501","61.1%","7882","61.5%","11235","55.7%","5.9pp"
"Desert Were-Worm","R","R","11218","3.78","1848","4.90","5424","47.5%","50.5%","915","44.3%","1202","49.2%","2117","47.0%","3319","52.7%","-5.6pp"
"Desolation of Smaug","R","R","11537","3.85","2223","4.78","6652","48.6%","52.1%","1122","49.7%","1523","53.5%","2645","51.9%","4008","52.2%","-0.3pp"
"Dori, Bearer of Friends","R","C","113483","4.98","20681","6.86","102731","78.6%","56.7%","18028","57.3%","23961","56.5%","41989","56.9%","60436","56.6%","0.3pp"
"Dwarven Mauler","R","U","42960","4.44","8944","5.77","43211","76.1%","57.0%","7821","59.3%","9883","54.4%","17704","56.5%","25402","57.4%","-0.8pp"
"Gandalf, Goblins' Bane","R","M","2737","1.98","1326","1.96","6861","84.2%","55.6%","1209","56.9%","1647","57.0%","2856","56.9%","4010","54.8%","2.1pp"
"Gandalf, Spark Starter","R","U","39444","4.17","10269","5.07","50068","76.4%","57.4%","8395","56.1%","11798","60.6%","20193","58.7%","29897","56.4%","2.3pp"
"Getaway Barrel","R","R","19119","6.02","2388","9.33","367","2.5%","","62","","88","","150","","217","",""
"Glóin the Mighty","R","U","36955","3.85","7875","4.96","40331","81.0%","56.8%","6831","58.0%","9514","57.7%","16345","57.8%","23854","56.0%","1.8pp"
"Goblin-town Flunkies","R","C","129257","5.99","18894","8.60","65531","54.7%","54.8%","11657","53.7%","14785","53.3%","26442","53.4%","39106","55.7%","-2.2pp"
"Gundabad Opportunist","R","C","131391","6.02","23043","8.39","94142","64.3%","56.5%","16120","54.7%","21580","56.2%","37700","55.6%","56515","57.2%","-1.6pp"
"Iron Hills Stalwart","R","C","139739","6.98","15973","10.47","24457","24.6%","53.4%","4045","49.3%","5823","53.0%","9868","51.5%","14562","54.6%","-3.1pp"
"Last Light of Durin's Day","R","R","18017","5.75","2191","8.95","603","4.5%","41.0%","93","","147","","240","","363","",""
"The Misty Mountains Cold","R","R","7660","2.55","2528","2.80","13249","83.4%","55.6%","2300","61.4%","3171","54.3%","5471","57.3%","7780","54.3%","3.0pp"
"Misty Mountains Raider","R","U","31283","3.31","10131","3.83","56748","87.6%","57.4%","9605","56.5%","13398","58.8%","23003","57.9%","33856","57.0%","0.9pp"
"Óin the Brave","R","C","128989","6.07","19556","8.62","69775","56.6%","55.6%","12462","54.9%","16098","55.2%","28560","55.1%","41013","55.8%","-0.8pp"
"Pinecone Strike","R","C","74217","3.24","24808","3.89","144926","91.2%","57.6%","25359","59.0%","33604","59.3%","58963","59.2%","85978","56.6%","2.6pp"
"Ragged Short Spear","R","C","132161","6.13","18914","8.91","60449","50.6%","55.3%","10819","55.3%","13858","54.2%","24677","54.7%","35588","55.7%","-1.0pp"
"Smaug, the Great Calamity","R","C","115015","5.07","18189","7.19","75990","66.1%","55.6%","12640","53.6%","17973","57.1%","30613","55.6%","45368","55.5%","0.1pp"
"Smaug the Magnificent","R","M","1975","1.32","1501","1.32","8823","91.5%","58.8%","1552","64.3%","2150","63.8%","3702","64.0%","5138","55.1%","8.9pp"
"Smaug's Fury","R","C","141992","7.39","16076","10.96","17479","17.4%","53.2%","2916","51.2%","3908","52.9%","6824","52.2%","10661","53.8%","-1.6pp"
"Snowslope Hunter","R","U","46281","4.87","8860","6.47","37825","68.0%","54.6%","6698","50.9%","8698","54.8%","15396","53.1%","22476","55.6%","-2.4pp"
"Stone-Giant of High Pass","R","R","6997","2.41","2994","2.44","16406","86.3%","56.8%","2659","55.1%","3969","59.5%","6628","57.7%","9828","56.2%","1.5pp"
"Thorin, Mountain-king","R","M","2532","1.80","1524","1.78","8701","88.5%","58.0%","1495","61.2%","2116","63.9%","3611","62.8%","5051","54.4%","8.4pp"
"Tidings of War","R","C","125599","5.77","20778","8.16","84954","64.2%","56.2%","15363","56.7%","18823","54.1%","34186","55.3%","50778","56.8%","-1.5pp"
"Attercop","G","C","119722","5.45","16525","7.77","75746","73.7%","54.9%","13639","55.6%","17232","55.2%","30871","55.4%","44628","54.5%","0.9pp"
"Bejeweled Warg","G","R","5844","2.03","2670","2.03","14023","84.0%","56.4%","2632","64.0%","3200","57.1%","5832","60.2%","8188","53.7%","6.5pp"
"Beorn, Reluctant Host","G","C","131491","6.53","13229","9.83","26927","33.2%","51.5%","4725","49.2%","6327","50.8%","11052","50.1%","15797","52.3%","-2.2pp"
"Beorn the Fierce","G","M","2145","1.53","1381","1.46","7979","88.8%","57.6%","1319","61.9%","1938","63.7%","3257","63.0%","4691","53.6%","9.4pp"
"Beorn's Hospitality","G","U","35917","3.93","5265","5.25","23491","72.3%","53.3%","4028","54.7%","5359","54.0%","9387","54.3%","14010","52.6%","1.6pp"
"Boughside Wanderers","G","C","135883","6.83","15675","9.98","36756","37.9%","53.3%","6024","49.3%","8772","55.3%","14796","52.9%","21724","53.4%","-0.5pp"
"Cantankerous Keepers","G","R","12637","4.26","2115","5.55","5746","45.6%","51.3%","930","51.1%","1435","52.4%","2365","51.9%","3275","50.5%","1.4pp"
"Dancing from Dark to Dawn","G","M","2239","1.63","1300","1.58","7092","87.1%","55.8%","1203","57.4%","1670","60.2%","2873","59.0%","4152","53.6%","5.4pp"
"Down in the Valley","G","R","9097","3.11","2186","3.58","9549","71.3%","53.7%","1687","57.7%","2284","54.4%","3971","55.8%","5496","52.1%","3.8pp"
"Galion, Elvenking's Butler","G","U","47307","5.23","6289","7.42","20662","53.9%","53.3%","3517","52.4%","4811","53.3%","8328","52.9%","12288","53.6%","-0.7pp"
"Gigantic Big Bear","G","R","7906","2.70","1936","2.96","9007","77.2%","51.4%","1481","48.3%","2141","52.8%","3622","51.0%","5321","51.5%","-0.6pp"
"Guardian of the Halls","G","C","132494","6.46","15031","9.54","42722","46.1%","52.7%","7702","52.1%","9820","52.6%","17522","52.4%","25019","52.8%","-0.3pp"
"Little Bear","G","C","136255","7.01","14381","10.42","22893","26.0%","51.5%","4048","49.7%","5035","51.6%","9083","50.8%","13756","52.0%","-1.2pp"
"Mirkwood Pathmaker","G","U","30924","3.28","8495","3.89","47019","87.3%","57.0%","8204","59.7%","11115","60.0%","19319","59.9%","27489","54.8%","5.0pp"
"Nasty Little Rabbit","G","U","34915","3.70","8537","4.43","43630","80.8%","56.9%","8117","62.1%","9410","56.0%","17527","58.8%","26014","55.7%","3.2pp"
"The Notary Hobbits","G","R","15269","4.84","2046","6.90","2917","23.2%","49.9%","483","","707","53.7%","1190","52.3%","1704","48.3%","4.0pp"
"Old Fat Spider","G","U","43147","4.70","6621","6.42","26501","65.4%","53.2%","4486","50.8%","6207","54.4%","10693","52.9%","15687","53.3%","-0.4pp"
"Ordinary Bear","G","C","136482","6.90","16763","10.01","39632","37.9%","54.8%","6567","54.4%","8872","54.4%","15439","54.4%","24119","55.0%","-0.6pp"
"Part in Friendship","G","R","11123","3.74","2132","4.70","7714","60.3%","52.0%","1265","51.0%","1825","51.6%","3090","51.3%","4571","52.4%","-1.1pp"
"Quarrel","G","C","101193","4.48","17599","6.00","91979","83.8%","55.1%","15437","54.3%","21399","57.5%","36836","56.2%","55166","54.5%","1.7pp"
"Radagast of Rhosgobel","G","R","7293","2.54","1850","2.83","8546","76.4%","52.2%","1392","49.6%","1993","52.7%","3385","51.4%","5131","52.5%","-1.1pp"
"Through the Forest Gate","G","R","18577","5.90","2296","9.19","820","5.8%","46.2%","146","","203","","349","","472","",""
"Troll Negotiations","G","U","36627","3.86","7415","4.89","37593","81.9%","54.4%","6056","52.5%","8668","55.8%","14724","54.4%","22884","54.4%","0.1pp"
"Warg Tactics","G","C","136604","6.79","14944","10.10","34500","37.3%","53.8%","5865","51.0%","7769","55.0%","13634","53.3%","20878","54.2%","-0.9pp"
"Wargling","G","C","131756","6.49","17344","9.30","55995","52.2%","54.8%","10067","54.4%","11800","53.8%","21867","54.0%","34040","55.2%","-1.2pp"
"Wilderland Scrounger","G","U","40291","4.46","5739","6.19","23020","65.9%","52.5%","3870","50.1%","5300","52.2%","9170","51.3%","13791","53.1%","-1.8pp"
"Wood Elves","G","C","121035","5.74","14276","8.31","48552","55.9%","52.2%","8663","53.1%","11299","53.2%","19962","53.2%","28393","51.6%","1.6pp"
"Woodland Weavemaster","G","U","46315","5.29","6230","7.31","20042","52.8%","52.2%","3641","56.1%","4658","53.1%","8299","54.4%","11676","50.5%","3.9pp"
"Bard, King of Dale","WU","M","3727","2.62","1238","2.80","5250","70.8%","50.6%","825","47.0%","1777","54.2%","2602","52.0%","2676","49.3%","2.6pp"
"Bard the Bowman","WU","U","38424","4.30","9249","5.09","44232","77.4%","55.5%","7625","55.9%","14731","59.2%","22356","58.1%","21869","52.8%","5.3pp"
"Bard's Company","WU","R","7458","2.58","3492","2.55","19395","86.8%","58.2%","3320","62.3%","6365","64.0%","9685","63.5%","9769","52.9%","10.5pp"
"Bifur, Melodic Rider","WR","U","38833","4.22","6991","5.56","28724","66.6%","54.5%","4777","51.0%","6947","56.5%","11724","54.2%","16857","54.6%","-0.4pp"
"Bolg of the North","BR","U","35827","3.89","8066","4.84","38042","74.9%","55.4%","6242","53.0%","8692","55.7%","14934","54.6%","23151","55.9%","-1.4pp"
"Bolg's Company","BR","R","11844","3.80","2359","4.91","9872","67.5%","53.8%","1708","51.6%","2233","51.8%","3941","51.7%","5939","55.2%","-3.5pp"
"The Chief Warg","BG","U","33668","3.71","6943","4.61","32888","76.5%","54.6%","5556","51.4%","7209","53.9%","12765","52.8%","20033","55.7%","-2.9pp"
"Chief Warg's Company","BG","R","5227","1.86","2963","1.82","17071","89.8%","58.3%","3072","64.7%","3880","61.6%","6952","62.9%","10111","55.3%","7.7pp"
"Dáin's Company","WR","R","8594","2.93","2805","3.14","13855","78.0%","57.1%","2349","64.2%","3350","61.0%","5699","62.3%","8076","53.3%","9.0pp"
"Duskwatch Hunter","BG","C","118761","5.19","19198","7.42","84528","69.4%","56.5%","15089","55.5%","18089","55.7%","33178","55.6%","51289","57.1%","-1.5pp"
"Dwalin, Weaponmaster","WR","R","7197","2.42","3008","2.53","16744","88.5%","57.3%","3030","58.6%","4010","59.2%","7040","59.0%","9656","55.9%","3.1pp"
"Eagle's Rescue","WU","U","47432","5.19","7913","6.93","26633","54.2%","54.4%","4455","51.4%","8379","58.1%","12834","55.8%","13793","53.1%","2.7pp"
"Fearsome Goblin Pair","BR","U","35013","3.53","7482","4.58","37356","79.5%","54.4%","6523","53.9%","8610","53.9%","15133","53.9%","22229","54.8%","-0.8pp"
"Goblin Plate Mail","BR","C","94918","4.01","26246","5.14","152077","90.5%","57.3%","27500","57.3%","34093","56.6%","61593","56.9%","90257","57.5%","-0.6pp"
"The Great Goblin","BR","R","5728","2.09","2701","2.12","14796","87.0%","55.4%","2587","56.0%","3373","56.2%","5960","56.1%","8858","54.9%","1.2pp"
"Large Bear","BG","U","27663","2.92","7871","3.56","44157","89.0%","55.9%","7430","54.5%","10077","58.2%","17507","56.6%","26585","55.3%","1.3pp"
"Mirkwood Nurturer","UG","C","126826","5.89","19320","8.34","67013","56.5%","54.0%","11466","52.2%","17087","56.5%","28553","54.7%","38238","53.3%","1.4pp"
"Nori, Teller of Tales","WR","C","124968","5.71","18106","8.28","63490","56.5%","54.5%","11585","53.6%","15117","53.4%","26702","53.5%","36613","55.1%","-1.7pp"
"Patient Instructor","WU","C","122963","5.82","25073","7.50","115404","73.8%","55.9%","20437","56.4%","35600","59.2%","56037","58.2%","59364","53.8%","4.4pp"
"Silvan Reveler","UG","U","42205","4.69","6782","6.15","24849","61.1%","51.6%","4289","51.4%","6506","54.5%","10795","53.3%","13881","50.2%","3.1pp"
"Smaug, Wicked Worm","BR","R","5863","2.07","2609","2.10","13795","84.1%","55.4%","2282","52.9%","3271","57.3%","5553","55.5%","8289","55.2%","0.3pp"
"Thorin Oakenshield","WR","U","39327","4.40","7735","5.55","35092","72.9%","55.7%","6160","56.8%","8358","54.5%","14518","55.4%","20355","55.8%","-0.3pp"
"Thranduil, Sindarin Liege","UG","U","29768","3.21","7410","3.81","38031","82.8%","54.8%","6640","56.2%","10187","59.1%","16827","57.9%","20903","52.1%","5.8pp"
"Thranduil, the Elvenking","UBG","R","13613","4.45","1933","6.24","2778","24.1%","46.6%","440","","683","50.2%","1123","46.2%","1640","46.7%","-0.5pp"
"Thranduil's Company","UG","R","7060","2.54","2724","2.62","13820","82.0%","55.1%","2333","61.3%","3760","60.4%","6093","60.7%","7617","50.4%","10.3pp"
"Tom, Bert, and William","BG","R","6621","2.26","3056","2.26","16001","83.4%","55.9%","2674","56.6%","3666","59.1%","6340","58.0%","9631","54.3%","3.7pp"
"The Arkenstone","","M","1700","1.13","1544","1.12","9637","98.8%","56.9%","1647","59.6%","2513","61.0%","4160","60.5%","5460","54.2%","6.3pp"
"The Black Arrow","","U","52991","5.51","5779","8.45","11547","32.5%","52.4%","1981","50.2%","2789","51.8%","4770","51.2%","6741","53.3%","-2.1pp"
"Dwarven Mattock","","U","48401","5.01","7225","7.03","29179","64.9%","55.1%","5028","55.5%","6967","55.0%","11995","55.2%","17005","54.9%","0.4pp"
"Giant's Boulder","","C","142566","7.17","15879","10.66","18492","18.9%","50.3%","3484","46.5%","4435","51.5%","7919","49.3%","10535","51.0%","-1.7pp"
"Glamdring, Foe-hammer","","R","16362","5.21","2000","7.96","865","7.1%","40.0%","124","","258","","382","","482","",""
"Key to the Side-Door","","U","60588","6.94","6443","10.54","3746","9.4%","49.8%","627","45.0%","850","49.2%","1477","47.4%","2264","51.2%","-3.8pp"
"My Precious","","R","6074","2.12","2066","2.13","10035","83.6%","51.1%","1704","46.5%","2327","53.3%","4031","50.4%","5980","51.4%","-1.0pp"
"Orcrist, Goblin-cleaver","","M","2539","1.74","889","1.73","4370","83.0%","50.9%","765","47.8%","1034","52.6%","1799","50.6%","2547","51.0%","-0.4pp"
"Sting, Bilbo's Sword","","R","9275","3.07","1692","3.75","6890","68.9%","50.8%","1190","45.5%","1742","50.0%","2932","48.2%","3928","52.6%","-4.4pp"
"Thrór's Map","","U","45769","4.45","7723","6.14","31294","66.1%","53.2%","5911","51.7%","8195","56.0%","14106","54.2%","17149","52.3%","1.9pp"
"Well-Worn Spatula","","C","143740","7.34","16873","10.76","22652","21.5%","53.8%","4001","53.1%","5427","52.7%","9428","52.9%","13155","54.4%","-1.5pp"
"Elven Passage","","R","14131","4.08","2428","5.80","11421","76.5%","54.2%","2079","53.1%","2766","54.5%","4845","53.9%","6548","54.3%","-0.4pp"
"Elvenking's Halls","","C","99007","7.04","13232","10.07","36584","45.1%","51.6%","6687","52.4%","9321","52.9%","16008","52.7%","20482","50.6%","2.1pp"
"Goblin-town","","C","94980","6.00","15826","8.65","74684","74.6%","56.6%","13783","57.9%","16414","53.2%","30197","55.3%","44483","57.5%","-2.2pp"
"Hobbit Hole","","C","127242","5.42","23648","7.75","128132","86.4%","55.9%","23379","56.2%","31485","54.8%","54864","55.4%","73113","56.2%","-0.8pp"
"Iron Hills","","C","97015","6.51","14814","9.30","54242","59.1%","55.1%","9914","56.4%","12957","51.9%","22871","53.8%","31370","56.1%","-2.2pp"
"Lake-town","","C","99285","7.06","16003","9.75","60143","60.7%","54.9%","10864","55.8%","18509","55.3%","29373","55.5%","30745","54.3%","1.1pp"
"The Lonely Mountain","","R","9610","3.00","2954","3.45","16316","88.0%","56.7%","2832","58.0%","3851","57.7%","6683","57.8%","9630","55.9%","2.0pp"
"Mirkwood","","C","94766","6.14","14111","8.89","58592","66.0%","55.4%","10832","57.5%","12840","53.2%","23672","55.2%","34862","55.6%","-0.4pp"