Card_Name,Colors,Type,Mana_Cost,Rarity,Card_Game_Base_Raw,Card_Game_Base_Norm,Draftsim_Raw,Draftsim_Norm,Limited_Resources_Raw,Limited_Resources_Norm,Limited_Level_Ups_1_Raw,Limited_Level_Ups_1_Norm,Limited_Level_Ups_2_Raw,Limited_Level_Ups_2_Norm,Average_Raw,Average_Norm,Controversy
"Abigale, Eloquent First-Year",BW,Legendary Creature — Bird Bard,{W/B}{W/B},,B,,7,,,,A-,,,,4.0,,
"Adept Watershaper",W,Creature — Merfolk Cleric,{2}{W},,B,,5,,,,B,,,,4.75,,
"Ajani, Outland Chaperone",W,Legendary Planeswalker — Ajani,{1}{W}{W},,A-,,9,,,,A,,,,4.5,,
"Appeal to Eirdu",W,Instant,{3}{W},common,2,-1.410928070075012,2,-1.4005693429337571,4.5,-0.3118517984152959,3,-0.7990582702746497,4,-0.0358049495277095,3.1,-0.791642486245285,0.6236687885064206
"Aquitect's Defenses",U,Enchantment — Aura,{1}{U},common,3,-0.6598163621821379,2,-1.4005693429337571,4,-0.6795728115304007,4,-0.0502026138392448,4.5,0.3412001072640527,3.5,-0.4897922046442977,0.6667509128831745
"Ashling, Rekindled",,,,,,,,,,,B-,,,,3.5,,
"Ashling, Rekindled // Ashling, Rimebound",RU,Legendary Creature — Elemental Sorcerer // Legendary Creature — Elemental Wizard,,,C,,,,,,,,,,,,
"Ashling, Rimebound",,,,,,,3,,,,,,,,,,
"Ashling's Command",RU,Kindred Instant — Elemental,{3}{U}{R},,B+,,9,,,,A,,,,4.0,,
"Assert Perfection",G,Sorcery,{1}{G},common,5,0.8424070536036099,5,0.4912444710290041,5.5,0.4235902278149136,5,0.69865304259616,5,0.718205164055815,5.1,0.6348199918199005,0.1727368496530132
"Auntie's Sentence",B,Sorcery,{1}{B},common,4.5,0.466851199657173,4,-0.1393601336252496,4.5,-0.3118517984152959,3,-0.7990582702746497,4,-0.0358049495277095,4,-0.1638447904371464,0.4583048577579879
"Aurora Awakener",G,Creature — Giant Druid,{6}{G},,,,9,,,,A-,,,,4.75,,
"Avatar Enthusiasts",W,Creature — Human Peasant Ally,{2}{W},,,,,,,,,,,,2.0,,
"Barbed Bloodletter",B,Artifact — Equipment,{1}{B},common,3,-0.6598163621821379,2,-1.4005693429337571,4,-0.6795728115304007,3,-0.7990582702746497,3,-0.7898150631112342,3,-0.865766370006436,0.3054980517047586
"Bark of Doran",W,Artifact — Equipment,{1}{W},uncommon,2,-1.410928070075012,4,-0.1393601336252496,,-3.621340916451239,1,-2.2967695831454598,1,-2.2978352902782837,1.6,-1.9532467987150488,1.284871740174001
"Bile-Vial Boggart",B,Creature — Goblin Assassin,{B},common,4,0.091295345710736,4,-0.1393601336252496,5,0.0558692146998088,4,-0.0502026138392448,4,-0.0358049495277095,4.2,-0.0156406273163318,0.0914557363925246
"Bitterbloom Bearer",B,Creature — Faerie Rogue,{B}{B},,B+,,8,,,,A-,,,,4.5,,
"Bitterblossom",B,Kindred Enchantment — Faerie,{1}{B},,,,8,,,,A,,,,1.5,,
"Bitterblossom * B+ Faerie Macabre * D Red Grade Soul Immolation",,,,,A-,,,,,,,,,,,,
"Blight Rot",B,Instant,{2}{B},common,5,0.8424070536036099,5,0.4912444710290041,5.5,0.4235902278149136,5,0.69865304259616,5,0.718205164055815,5.1,0.6348199918199005,0.1727368496530132
"Blighted Blackthorn",B,Creature — Treefolk Warlock,{4}{B},common,3,-0.6598163621821379,3,-0.7699647382795035,2,-2.15045686399082,3,-0.7990582702746497,3,-0.7898150631112342,2.8,-1.033822259567669,0.6267032162846381
"Blood Crypt",BR,Land — Swamp Mountain,,,,,,,,,C+,,,,,,
"Bloodline Bidding",B,Sorcery,{6}{B}{B},,C,,8,,,,D+,,,,2.0,,
"Bloom Tender",G,Creature — Elf Druid,{1}{G},,B,,5,,,,C,,,,4.0,,
"Blossombind",U,Enchantment — Aura,{1}{U},common,4,0.091295345710736,5,0.4912444710290041,6,0.7913112409300185,5.5,1.0730808708138624,5.5,1.0952102208475774,5.2,0.7084284298662397,0.4235160069079806
"Blossoming Defense",G,Instant,{G},uncommon,5,0.8424070536036099,5,0.4912444710290041,5,0.0558692146998088,5,0.69865304259616,5.5,1.0952102208475774,5.1,0.636676800555232,0.3920799992923931
"Boggart Cursecrafter",BR,Creature — Goblin Warlock,{B}{R},uncommon,5.5,1.2179629075500469,6,1.121849075683258,6.5,1.1590322540451232,5.5,1.0730808708138624,5,0.718205164055815,5.7,1.0580260544296212,0.197205674626507
"Boggart Mischief",B,Kindred Enchantment — Goblin,{2}{B},uncommon,4.5,0.466851199657173,7,1.7524536803375117,6.5,1.1590322540451232,4,-0.0502026138392448,5,0.718205164055815,5.4,0.8092679368512756,0.6848659909613489
"Boggart Prankster",B,Creature — Goblin Warrior,{1}{B},common,4.5,0.466851199657173,3,-0.7699647382795035,4.5,-0.3118517984152959,3,-0.7990582702746497,4,-0.0358049495277095,3.8,-0.2899657113679971,0.5309008452266002
"Bogslither's Embrace",B,Sorcery,{1}{B},common,5,0.8424070536036099,5,0.4912444710290041,6,0.7913112409300185,4.5,0.3242252143784576,4.5,0.3412001072640527,5,0.5580776174410286,0.2456779506245777
"Boldwyr Aggressor",R,Creature — Giant Warrior,{3}{R}{R},uncommon,3,-0.6598163621821379,4,-0.1393601336252496,2,-2.15045686399082,4,-0.0502026138392448,4,-0.0358049495277095,3.4,-0.6071281846330324,0.900003157841754
"Boneclub Berserker",R,Creature — Goblin Berserker,{3}{R},common,1,-2.1620397779678857,3,-0.7699647382795035,4.5,-0.3118517984152959,3,-0.7990582702746497,3,-0.7898150631112342,2.9,-0.966545929609714,0.6992424520276018
"Boulder Dash",R,Sorcery,{1}{R},uncommon,5.5,1.2179629075500469,6,1.121849075683258,6,0.7913112409300185,5,0.69865304259616,5.5,1.0952102208475774,5.6,0.9849972975214122,0.226194382090269
"Brambleback Brute",R,Creature — Giant Warrior,{2}{R},common,4.5,0.466851199657173,4,-0.1393601336252496,4,-0.6795728115304007,4,-0.0502026138392448,4,-0.0358049495277095,4.1,-0.0876178617730863,0.4076175732151579
"Bre of Clan Stoutarm",RW,Legendary Creature — Giant Warrior,{2}{R}{W},,B,,8,,,,C,,,,4.0,,
"Brigid, Clachan's Heart",,,,,,,,,,,B+,,,,,,
"Brigid, Clachan's Heart // Brigid, Doun's Mind",GW,Legendary Creature — Kithkin Warrior // Legendary Creature — Kithkin Soldier,,,B,,,,,,,,,,,,
"Brigid, Doun's Mind",,,,,,,6,,,,,,,,,,
"Brigid's Command",GW,Kindred Sorcery — Kithkin,{1}{G}{W},,B-,,7,,,,A-,,,,3.5,,
"Bristlebane Battler",G,Creature — Kithkin Soldier,{1}{G},,B,,6,,,,B+,,,,4.0,,
"Bristlebane Outrider",G,Creature — Kithkin Knight,{3}{G},uncommon,4.5,0.466851199657173,4,-0.1393601336252496,6,0.7913112409300185,4,-0.0502026138392448,4,-0.0358049495277095,4.5,0.2065589487189974,0.4043556818739789
"Burdened Stoneback",W,Creature — Giant Warrior,{1}{W},uncommon,5,0.8424070536036099,4,-0.1393601336252496,4.5,-0.3118517984152959,3,-0.7990582702746497,4,-0.0358049495277095,4.1,-0.088733619647859,0.5972290750637396
"Burning Curiosity",R,Sorcery,{2}{R},common,3,-0.6598163621821379,1,-2.031173947588011,4.5,-0.3118517984152959,3,-0.7990582702746497,4,-0.0358049495277095,3.1,-0.7675410655975609,0.7668859853573722
"Cancel",U,Instant,{1}{U}{U},,,,,,,,,,,,,,
"Catharsis",RW,Creature — Elemental Incarnation,{4}{R/W}{R/W},,A-,,8,,,,A,,,,3.5,,
"Celestial Reunion",G,Sorcery,{X}{G},,F,,1,,,,F,,,,2.0,,
"Champion of the Clachan",W,Creature — Kithkin Knight,{3}{W},,B-,,9,,,,A,,,,4.25,,
"Champion of the Path",R,Creature — Elemental Sorcerer,{3}{R},,D+,,5,,,,D+,,,,3.0,,
"Champion of the Weird",B,Creature — Goblin Berserker,{3}{B},,B-,,9,,,,B-,,,,4.5,,
"Champions of the Perfect",G,Creature — Elf Warrior,{3}{G},,B,,8,,,,B+,,,,4.5,,
"Champions of the Shoal",U,Creature — Merfolk Soldier,{3}{U},,B-,,9,,,,A,,,,4.5,,
"Changeling Wayfinder",,Creature — Shapeshifter,{3},common,5,0.8424070536036099,6,1.121849075683258,5,0.0558692146998088,4.5,0.3242252143784576,4.5,0.3412001072640527,5,0.5371101331258373,0.4331337521560611
"Chaos Spewer",BR,Creature — Goblin Warlock,{2}{B/R},common,3,-0.6598163621821379,3,-0.7699647382795035,4.5,-0.3118517984152959,2,-1.5479139267100546,1,-2.2978352902782837,2.7,-1.1174764231730552,0.7996517426644156
"Chitinous Graspling",GU,Creature — Shapeshifter,{3}{G/U},common,2,-1.410928070075012,3,-0.7699647382795035,4.5,-0.3118517984152959,3,-0.7990582702746497,2,-1.5438251766947588,2.9,-0.967125610747844,0.5064695997696317
"Chomping Changeling",G,Creature — Shapeshifter,{2}{G},uncommon,2,-1.410928070075012,4,-0.1393601336252496,5.5,0.4235902278149136,,,,,3.8333333333333335,-0.3755659919617827,0.9397921323131044
"Chronicle of Victory",,Legendary Artifact,{6},,,,8,,,,B,,,,5.0,,
"Cinder Strike",R,Sorcery,{R},common,5.5,1.2179629075500469,6,1.121849075683258,6.5,1.1590322540451232,5,0.69865304259616,4.5,0.3412001072640527,5.5,0.907739477427728,0.3774630946920875
"Clachan Festival",W,Kindred Enchantment — Kithkin,{2}{W},uncommon,4.5,0.466851199657173,4,-0.1393601336252496,6,0.7913112409300185,4,-0.0502026138392448,4,-0.0358049495277095,4.5,0.2065589487189974,0.4043556818739789
"Collective Inferno",R,Enchantment,{3}{R}{R},,D-,,1,,,,D,,,,2.0,,
"Creakwood Safewright",B,Creature — Elf Warrior,{1}{B},uncommon,5,0.8424070536036099,4,-0.1393601336252496,5.5,0.4235902278149136,4.5,0.3242252143784576,4,-0.0358049495277095,4.6,0.2830114825288043,0.3919266703540131
"Crib Swap",W,Kindred Instant — Shapeshifter,{2}{W},uncommon,1,-2.1620397779678857,3,-0.7699647382795035,3.5,-1.0472938246455057,1,-2.2967695831454598,1,-2.2978352902782837,1.9,-1.7147806428633274,0.7444663069048988
"Crossroads Watcher",G,Creature — Kithkin Ranger,{2}{G},common,4,0.091295345710736,4,-0.1393601336252496,4.5,-0.3118517984152959,4.5,0.3242252143784576,4,-0.0358049495277095,4.2,-0.0142992642958123,0.2399944116119038
"Curious Colossus",W,Creature — Giant Warrior,{5}{W}{W},,A-,,10,,,,B+,,,,4.5,,
"Darkness Descends",B,Sorcery,{2}{B}{B},uncommon,2,-1.410928070075012,6,1.121849075683258,4.5,-0.3118517984152959,3,-0.7990582702746497,4,-0.0358049495277095,3.9,-0.2871588025218818,0.9452499849362368
"Dawn-Blessed Pennant",,Artifact,{1},uncommon,3,-0.6598163621821379,2,-1.4005693429337571,2,-2.15045686399082,3,-0.7990582702746497,2,-1.5438251766947588,2.4,-1.3107452032152245,0.6027109997309477
"Dawn's Light Archer",G,Creature — Elf Archer,{2}{G},common,3,-0.6598163621821379,3,-0.7699647382795035,2,-2.15045686399082,3,-0.7990582702746497,4,-0.0358049495277095,3,-0.8830202368509641,0.7735988098080392
"Dawnhand Dissident",B,Creature — Elf Warlock,{B},,B,,8,,,,B-,,,,3.5,,
"Dawnhand Eulogist",B,Creature — Elf Warlock,{3}{B},common,3,-0.6598163621821379,2,-1.4005693429337571,4.5,-0.3118517984152959,4.5,0.3242252143784576,5,0.718205164055815,3.8,-0.2659614250193837,0.8308831009335056
"Deceit",BU,Creature — Elemental Incarnation,{4}{U/B}{U/B},,A-,,9,,,,A-,,,,4.5,,
"Deepchannel Duelist",UW,Creature — Merfolk Soldier,{W}{U},uncommon,5,0.8424070536036099,6,1.121849075683258,6.5,1.1590322540451232,6,1.4475086990315649,6,1.4722152776393396,5.9,1.208602472000579,0.2601203276113733
"Deepway Navigator",UW,Creature — Merfolk Wizard,{W}{U},,C,,6,,,,C,,,,3.5,,
"Devoted Druid",G,Creature — Elf Druid,{1}{G},,,,6,,,,C,,,,3.25,,
"Disruptor of Currents",U,Creature — Merfolk Wizard,{3}{U}{U},,B+,,8,,,,A,,,,4.0,,
"Dolmen Gate",,Artifact,{2},,,,0,,,,D,,,,1.0,,
"Dolmen Gate * B- Door of Destinies * D+ Painter's Servant * D Thousand-Year Elixir * F Green Grade Aurora Awakener",,,,,A,,,,,,,,,,,,
"Door of Destinies",,Artifact,{4},,,,1,,,,D-,,,,,,
"Doran, Besieged by Time",BGW,Legendary Creature — Treefolk Druid,{1}{W}{B}{G},,D+,,7,,,,D+,,,,,,
"Dose of Dawnglow",B,Instant,{4}{B},uncommon,3,-0.6598163621821379,5,0.4912444710290041,5.5,0.4235902278149136,2,-1.5479139267100546,2,-1.5438251766947588,3.5,-0.5673441533486068,1.0032627026638428
"Dream Harvest",BU,Sorcery,{5}{U/B}{U/B},,D+,,0,,,,D-,,,,3.5,,
"Dream Seizer",B,Creature — Faerie Rogue,{3}{B},common,4.5,0.466851199657173,4,-0.1393601336252496,4,-0.6795728115304007,4.5,0.3242252143784576,4,-0.0358049495277095,4.2,-0.0127322961295458,0.4485487495419279
"Dundoolin Weaver",G,Creature — Kithkin Druid,{1}{G},uncommon,5,0.8424070536036099,6,1.121849075683258,6,0.7913112409300185,4,-0.0502026138392448,4.5,0.3412001072640527,5.1,0.6093129727283388,0.462870066690634
"Eclipsed Boggart",BR,Creature — Goblin Scout,{B/R}{B/R}{B/R},uncommon,5.5,1.2179629075500469,6,1.121849075683258,6.5,1.1590322540451232,6.5,1.8219365272492676,5.5,1.0952102208475774,6,1.2831981970750546,0.3046657311656621
"Eclipsed Elf",BG,Creature — Elf Scout,{B/G}{B/G}{B/G},uncommon,5.5,1.2179629075500469,6,1.121849075683258,6.5,1.1590322540451232,6.5,1.8219365272492676,6.5,1.8492203344311016,6.2,1.4340002197917596,0.3683137797722845
"Eclipsed Flamekin",RU,Creature — Elemental Scout,{1}{U/R}{U/R},uncommon,5.5,1.2179629075500469,6,1.121849075683258,6.5,1.1590322540451232,5.5,1.0730808708138624,5,0.718205164055815,5.7,1.0580260544296212,0.197205674626507
"Eclipsed Kithkin",GW,Creature — Kithkin Scout,{G/W}{G/W},uncommon,5.5,1.2179629075500469,6,1.121849075683258,6.5,1.1590322540451232,7,2.1963643554669696,7,2.226225391222864,6.4,1.5842867967936525,0.5734996427012481
"Eclipsed Merrow",UW,Creature — Merfolk Scout,{W/U}{W/U}{W/U},uncommon,5.5,1.2179629075500469,6,1.121849075683258,6,0.7913112409300185,6.5,1.8219365272492676,5.5,1.0952102208475774,5.9,1.2096539944520337,0.3777488181671343
"Eclipsed Realms",,Land,,uncommon,,-2.91315148586076,2,-1.4005693429337571,2,-2.15045686399082,3,-0.7990582702746497,2,-1.5438251766947588,1.8,-1.7614122279509492,0.8033579369495217
"Eirdu, Carrier of Dawn",,,,,,,,,,,B+,,,,4.5,,
"Eirdu, Carrier of Dawn // Isilu, Carrier of Twilight",BW,Legendary Creature — Elemental God // Legendary Creature — Elemental God,,,A-,,,,,,,,,,,,
"Elder Auntie",R,Creature — Goblin Warlock,{2}{R},common,5,0.8424070536036099,4,-0.1393601336252496,4.5,-0.3118517984152959,4,-0.0502026138392448,4.5,0.3412001072640527,4.4,0.1364385229975744,0.4615687646019042
"Emptiness",BW,Creature — Elemental Incarnation,{4}{W/B}{W/B},,A-,,9,,,,A,,,,,,
"Encumbered Reejerey",W,Creature — Merfolk Soldier,{1}{W},uncommon,4.5,0.466851199657173,6,1.121849075683258,6,0.7913112409300185,6,1.4475086990315649,5.5,1.0952102208475774,5.6,0.9845460872299184,0.3710730195922598
"End-Blaze Epiphany",R,Instant,{X}{R},,B+,,6,,,,A-,,,,3.5,,
"Enraged Flamecaster",R,Creature — Elemental Sorcerer,{2}{R},common,3,-0.6598163621821379,3,-0.7699647382795035,2,-2.15045686399082,3,-0.7990582702746497,2,-1.5438251766947588,2.6,-1.1846242822843738,0.6437943962330683
"Evershrike's Gift",W,Enchantment — Aura,{W},uncommon,1,-2.1620397779678857,3,-0.7699647382795035,5.5,0.4235902278149136,2,-1.5479139267100546,4.5,0.3412001072640527,3.2,-0.7430256215756955,1.1400339958658838
"Evolving Wilds",,Land,,common,5,0.8424070536036099,4,-0.1393601336252496,5,0.0558692146998088,5,0.69865304259616,5,0.718205164055815,4.8,0.4351548682660288,0.444220720668094
"Exclusion Mage",U,Creature — Human Wizard,{2}{U},,,,,,,,,,,,4.0,,
"Explosive Prodigy",R,Creature — Elemental Sorcerer,{1}{R},uncommon,6,1.593518761496484,8,2.3830582849917654,6,0.7913112409300185,5.5,1.0730808708138624,5,0.718205164055815,6.1,1.3118348644575892,0.6905088645126434
"Faerie Macabre",B,Creature — Faerie Rogue,{1}{B}{B},,,,1,,,,F,,,,,,
"Fancy Footwork",W,Instant — Lesson,{2}{W},,,,,,,,,,,,1.0,,
"Feed the Flames",R,Instant,{3}{R},common,5,0.8424070536036099,4,-0.1393601336252496,4.5,-0.3118517984152959,4,-0.0502026138392448,4.5,0.3412001072640527,4.4,0.1364385229975744,0.4615687646019042
"Feisty Spikeling",RW,Creature — Shapeshifter,{1}{R/W},common,4,0.091295345710736,4,-0.1393601336252496,4.5,-0.3118517984152959,3,-0.7990582702746497,3,-0.7898150631112342,3.7,-0.3897579839431387,0.396154374626219
"Figure of Fable",GW,Creature — Kithkin,{G/W},,B,,9,,,,A+,,,,4.0,,
"Firdoch Core",,Kindred Artifact — Shapeshifter,{3},common,3,-0.6598163621821379,3,-0.7699647382795035,4,-0.6795728115304007,3,-0.7990582702746497,2,-1.5438251766947588,3,-0.8904474717922902,0.3699423372476242
"Flame-Chain Mauler",R,Creature — Elemental Warrior,{1}{R},common,3,-0.6598163621821379,3,-0.7699647382795035,4.5,-0.3118517984152959,4,-0.0502026138392448,4,-0.0358049495277095,3.7,-0.3655280924487784,0.3395597293454827
"Flamebraider",R,Creature — Elemental Bard,{1}{R},uncommon,6,1.593518761496484,7,1.7524536803375117,6,0.7913112409300185,5.5,1.0730808708138624,5.5,1.0952102208475774,6,1.2611149548850908,0.3985921352000993
"Flamekin Gildweaver",R,Creature — Elemental Sorcerer,{3}{R},common,4,0.091295345710736,2,-1.4005693429337571,4.5,-0.3118517984152959,5,0.69865304259616,5,0.718205164055815,4.1,-0.0408535177972684,0.8750386492481986
"Flaring Cinder",RU,Creature — Elemental Sorcerer,{1}{U/R}{U/R},common,3,-0.6598163621821379,3,-0.7699647382795035,4.5,-0.3118517984152959,5,0.69865304259616,4,-0.0358049495277095,3.9,-0.2157569611616973,0.5878132379980165
"Flitterwing Nuisance",U,Creature — Faerie Rogue,{U},,B+,,7,,,,A-,,,,4.75,,
"Flock Impostor",W,Creature — Shapeshifter,{2}{W},uncommon,5,0.8424070536036099,6,1.121849075683258,6,0.7913112409300185,4.5,0.3242252143784576,4.5,0.3412001072640527,5.2,0.6841985383718793,0.3446990629082776
"Foraging Wickermaw",,Artifact Creature — Scarecrow,{2},common,3,-0.6598163621821379,4,-0.1393601336252496,4,-0.6795728115304007,4.5,0.3242252143784576,4.5,0.3412001072640527,4,-0.1626647971390555,0.5014574773879034
"Formidable Speaker",G,Creature — Elf Druid,{2}{G},,B+,,7,,,,A-,,,,4.0,,
"Gallant Fowlknight",W,Creature — Kithkin Knight,{3}{W},common,3,-0.6598163621821379,3,-0.7699647382795035,4.5,-0.3118517984152959,4,-0.0502026138392448,4,-0.0358049495277095,3.7,-0.3655280924487784,0.3395597293454827
"Gangly Stompling",GR,Creature — Shapeshifter,{2}{R/G},common,3,-0.6598163621821379,3,-0.7699647382795035,2,-2.15045686399082,5,0.69865304259616,4,-0.0358049495277095,3.4,-0.5834779742768021,1.053545607685196
"Gathering Stone",,Artifact,{4},uncommon,1,-2.1620397779678857,1,-2.031173947588011,6,0.7913112409300185,,-3.0456252395808643,,-3.051845403861808,1.6,-1.89987462561371,1.5786253981461338
"Giantfall",R,Instant,{1}{R},uncommon,5,0.8424070536036099,5,0.4912444710290041,4.5,-0.3118517984152959,4.5,0.3242252143784576,4.5,0.3412001072640527,4.7,0.3374450095719656,0.4184543430480718
"Gilt-Leaf's Embrace",G,Enchantment — Aura,{2}{G},common,3,-0.6598163621821379,2,-1.4005693429337571,2,-2.15045686399082,3,-0.7990582702746497,2,-1.5438251766947588,2.4,-1.3107452032152245,0.6027109997309477
"Glamer Gifter",U,Creature — Faerie Wizard,{1}{U},uncommon,5.5,1.2179629075500469,5,0.4912444710290041,6,0.7913112409300185,5.5,1.0730808708138624,5,0.718205164055815,5.4,0.8583609308757494,0.2891072591704496
"Glamermite",U,Creature — Faerie Rogue,{2}{U},common,4.5,0.466851199657173,4,-0.1393601336252496,5.25,0.2397297212573612,4.5,0.3242252143784576,4.5,0.3412001072640527,4.55,0.246529221786359,0.2304874430323375
"Glen Elendra Guardian",U,Creature — Faerie Wizard,{2}{U},,B+,,8,,,,B+,,,,4.5,,
"Glen Elendra's Answer",U,Instant,{2}{U}{U},,B,,6,,,,B,,,,1.75,,
"Glister Bairn",GU,Creature — Ouphe,{2}{G/U}{G/U}{G/U},uncommon,2,-1.410928070075012,2,-1.4005693429337571,5.5,0.4235902278149136,2,-1.5479139267100546,2,-1.5438251766947588,2.7,-1.095929257719734,0.8523306570018314
"Gloom Ripper",B,Creature — Elf Assassin,{3}{B}{B},,,,9,,,,A+,,,,4.5,,
"Gnarlbark Elm",B,Creature — Treefolk Warlock,{2}{B},uncommon,6,1.593518761496484,6,1.121849075683258,5.5,0.4235902278149136,4,-0.0502026138392448,4.5,0.3412001072640527,5.2,0.6859911116838926,0.6601694596919296
"Goatnap",R,Sorcery,{2}{R},uncommon,3,-0.6598163621821379,2,-1.4005693429337571,2,-2.15045686399082,2,-1.5479139267100546,3,-0.7898150631112342,2.4,-1.309714311785601,0.6050835285302749
"Goblin Chieftain",R,Creature — Goblin,{1}{R}{R},,,,6,,,,C+,,,,3.5,,
"Goblin Chieftain * C Goblin Sharpshooter * D+ Heat Shimmer * F Colorless Grade Chronicle of Victory",,,,,B,,,,,,,,,,,,
"Goblin Sharpshooter",R,Creature — Goblin,{2}{R},,,,8,,,,B,,,,4.0,,
"Goldmeadow Nomad",W,Creature — Kithkin Scout,{W},common,4,0.091295345710736,3,-0.7699647382795035,5,0.0558692146998088,4.5,0.3242252143784576,4.5,0.3412001072640527,4.2,0.0085250287547103,0.454279107419892
"Goliath Daydreamer",R,Creature — Giant Wizard,{2}{R}{R},,C,,8,,,,C+,,,,4.0,,
"Gravedigger",B,Creature — Zombie,{3}{B},,,,,,,,,,,,3.5,,
"Gravelgill Scoundrel",U,Creature — Merfolk Rogue,{1}{U},common,2,-1.410928070075012,4,-0.1393601336252496,4.5,-0.3118517984152959,2,-1.5479139267100546,2,-1.5438251766947588,2.9,-0.9907758211040744,0.703320850007623
"Graveshifter",B,Creature — Shapeshifter,{3}{B},uncommon,5.5,1.2179629075500469,7,1.7524536803375117,6.5,1.1590322540451232,5,0.69865304259616,4.5,0.3412001072640527,5.7,1.0338603983585788,0.538070692954989
"Great Forest Druid",G,Creature — Treefolk Druid,{1}{G},common,4.5,0.466851199657173,6,1.121849075683258,5,0.0558692146998088,4,-0.0502026138392448,4.5,0.3412001072640527,4.8,0.3871133966930095,0.4607794121163596
"Gristle Glutton",R,Creature — Goblin Scout,{1}{R},common,3,-0.6598163621821379,4,-0.1393601336252496,4.5,-0.3118517984152959,3,-0.7990582702746497,2,-1.5438251766947588,3.3,-0.6907823482384183,0.544981526091521
"Grub, Notorious Auntie",,,,,,,7,,,,,,,,,,
"Grub, Storied Matriarch",,,,,,,,,,,A-,,,,,,
"Grub, Storied Matriarch // Grub, Notorious Auntie",BR,Legendary Creature — Goblin Warlock // Legendary Creature — Goblin Warrior,,,C+,,,,,,,,,,,,
"Grub's Command",BR,Kindred Sorcery — Goblin,{3}{B}{R},,B,,9,,,,B+,,,,4.0,,
"Gutsplitter Gang",B,Creature — Goblin Berserker,{3}{B},uncommon,4,0.091295345710736,5,0.4912444710290041,5.5,0.4235902278149136,3,-0.7990582702746497,3,-0.7898150631112342,4.1,-0.1165486577662459,0.6370770472716486
"Hallowed Fountain",UW,Land — Plains Island,,,C+,,,,,,C+,,,,,,
"Harmonized Crescendo",U,Instant,{4}{U}{U},,D,,1,,,,C,,,,,,
"Heat Shimmer",R,Sorcery,{2}{R},,,,0,,,,F,,,,1.0,,
"Heirloom Auntie",B,Creature — Goblin Warlock,{2}{B},common,3,-0.6598163621821379,3,-0.7699647382795035,6,0.7913112409300185,2,-1.5479139267100546,3,-0.7898150631112342,3.4,-0.5952397698705824,0.8518612343365737
"Helix Pinnacle",G,Enchantment,{G},,,,0,,,,F,,,,0.0,,
"Hexing Squelcher",R,Creature — Goblin Sorcerer,{1}{R},,D+,,5,,,,C+,,,,3.0,,
"High Perfect Morcant",BG,Legendary Creature — Elf Noble,{2}{B}{G},,C+,,10,,,,B+,,,,4.0,,
"Hovel Hurler",RW,Creature — Giant Warrior,{3}{R/W}{R/W},uncommon,4.5,0.466851199657173,5,0.4912444710290041,6,0.7913112409300185,4,-0.0502026138392448,3,-0.7898150631112342,4.5,0.1818778469331433,0.6217666429796288
"Idyllic Tutor",W,Sorcery,{2}{W},,,,0,,,,F,,,,0.5,,
"Illusion Spinners",U,Creature — Faerie Wizard,{4}{U},uncommon,3,-0.6598163621821379,4,-0.1393601336252496,2,-2.15045686399082,2,-1.5479139267100546,3,-0.7898150631112342,2.8,-1.057472469923899,0.7918094527280747
"Impolite Entrance",R,Sorcery,{R},uncommon,4,0.091295345710736,3,-0.7699647382795035,2,-2.15045686399082,3,-0.7990582702746497,3,-0.7898150631112342,3,-0.8835999179890942,0.8037728441679817
"Iron-Shield Elf",B,Creature — Elf Warrior,{1}{B},uncommon,4.5,0.466851199657173,6,1.121849075683258,6,0.7913112409300185,6.5,1.8219365272492676,6,1.4722152776393396,5.8,1.1348326642318112,0.5362633507096516
"Isilu, Carrier of Twilight",,,,,,,9,,,,,,,,,,
"Keep Out",W,Instant,{1}{W},common,4,0.091295345710736,4,-0.1393601336252496,5,0.0558692146998088,3,-0.7990582702746497,4,-0.0358049495277095,4,-0.1654117586034128,0.3653246229134069
"Kinbinding",W,Enchantment,{3}{W}{W},,B+,,10,,,,A-,,,,5.0,,
"Kindle the Inner Flame",R,Kindred Sorcery — Elemental,{3}{R},uncommon,,-2.91315148586076,3,-0.7699647382795035,,-3.621340916451239,2,-1.5479139267100546,1,-2.2978352902782837,1.2,-2.230041271515968,1.1184891029150577
"Kinsbaile Aspirant",W,Creature — Kithkin Citizen,{W},uncommon,4.5,0.466851199657173,6,1.121849075683258,5.5,0.4235902278149136,6,1.4475086990315649,5,0.718205164055815,5.4,0.8356008732485449,0.4404202728397196
"Kinsbaile Cavalier",W,Creature — Kithkin Knight,{3}{W},,,,3,,,,D,,,,3.5,,
"Kinsbaile Cavalier * D Idyllic Tutor * F Blue Grade Loch Mare",,,,,A-,,,,,,,,,,,,
"Kinscaer Sentry",W,Creature — Kithkin Soldier,{1}{W},,B-,,7,,,,B+,,,,4.5,,
"Kirol, Attentive First-Year",RW,Legendary Creature — Vampire Cleric,{1}{R/W}{R/W},,D+,,5,,,,C,,,,3.5,,
"Kithkeeper",W,Creature — Elemental,{6}{W},uncommon,3,-0.6598163621821379,6,1.121849075683258,6,0.7913112409300185,3,-0.7990582702746497,4.5,0.3412001072640527,4.5,0.1590971582841083,0.8585494400524905
"Kulrath Mystic",U,Creature — Elemental Wizard,{2}{U},common,3,-0.6598163621821379,1,-2.031173947588011,4.5,-0.3118517984152959,2,-1.5479139267100546,2,-1.5438251766947588,2.5,-1.2189162423180515,0.7086830132548925
"Kulrath Zealot",R,Creature — Elemental Warrior,{5}{R},common,4.5,0.466851199657173,3,-0.7699647382795035,5,0.0558692146998088,4.5,0.3242252143784576,4.5,0.3412001072640527,4.3,0.0836361995439977,0.5001203713685537
"Lasting Tarfire",R,Enchantment,{1}{R},uncommon,1,-2.1620397779678857,5,0.4912444710290041,6,0.7913112409300185,2,-1.5479139267100546,1,-2.2978352902782837,3,-0.9450466565994402,1.4792252399361394
"Lavaleaper",R,Creature — Elemental,{3}{R},,C,,6,,,,D-,,,,0.0,,
"Leaf-Crowned Visionary",G,Creature — Elf Druid,{G}{G},,,,7,,,,B,,,,4.25,,
"Leaf-Crowned Visionary * B Regal Force * B- Devoted Druid * C Helix Pinnacle * F Land Grade Blood Crypt",,,,,C+,,,,,,,,,,,,
"Liminal Hold",W,Enchantment,{3}{W},common,5,0.8424070536036099,6,1.121849075683258,5,0.0558692146998088,5,0.69865304259616,5,0.718205164055815,5.2,0.6873967101277303,0.3913693612997976
"Lluwen, Imperfect Naturalist",BG,Legendary Creature — Elf Druid,{B/G}{B/G},,B+,,7,,,,A-,,,,3.5,,
"Loch Mare",U,Creature — Horse Serpent,{1}{U},,,,9,,,,A+,,,,5.0,,
"Lofty Dreams",U,Enchantment — Aura,{3}{U}{U},uncommon,5.5,1.2179629075500469,5,0.4912444710290041,6,0.7913112409300185,4,-0.0502026138392448,4.5,0.3412001072640527,5,0.5583032225867754,0.4773242159125012
"Luminollusk",G,Creature — Elemental,{3}{G},uncommon,4,0.091295345710736,6,1.121849075683258,6,0.7913112409300185,5,0.69865304259616,5,0.718205164055815,5.2,0.6842627737951975,0.3727970903782152
"Lys Alana Dignitary",G,Creature — Elf Advisor,{1}{G},uncommon,4.5,0.466851199657173,4,-0.1393601336252496,6.5,1.1590322540451232,4,-0.0502026138392448,4,-0.0358049495277095,4.6,0.2801031513420184,0.545948824357795
"Lys Alana Informant",G,Creature — Elf Scout,{1}{G},common,4,0.091295345710736,4,-0.1393601336252496,5,0.0558692146998088,4.5,0.3242252143784576,5,0.718205164055815,4.5,0.2100469610439135,0.3283365172501925
"Manalith",,Artifact,{3},,,,,,,,,,,,2.25,,
"Manamorphose",GR,Instant,{1}{R/G},,,,2,,,,D,,,,3.0,,
"Maralen, Fae Ascendant",BGU,Legendary Creature — Elf Faerie Noble,{2}{B}{G}{U},,C,,8,,,,A,,,,4.0,,
"Meanders Guide",W,Creature — Merfolk Scout,{2}{W},uncommon,3,-0.6598163621821379,4,-0.1393601336252496,6,0.7913112409300185,3,-0.7990582702746497,4,-0.0358049495277095,4,-0.1685456949359456,0.6282296984318944
"Meek Attack",R,Enchantment,{2}{R},,F,,0,,,,F,,,,0.0,,
"Merrow Skyswimmer",UW,Creature — Merfolk Soldier,{3}{W/U}{W/U},common,5.5,1.2179629075500469,4,-0.1393601336252496,6,0.7913112409300185,4.5,0.3242252143784576,4.5,0.3412001072640527,4.9,0.5070678672994651,0.5159890414610651
"Midnight Tilling",G,Instant,{1}{G},common,3,-0.6598163621821379,3,-0.7699647382795035,4.5,-0.3118517984152959,4,-0.0502026138392448,4,-0.0358049495277095,3.7,-0.3655280924487784,0.3395597293454827
"Mirrorform",U,Instant,{4}{U}{U},,C-,,3,,,,D+,,,,4.5,,
"Mirrormind Crown",,Artifact — Equipment,{4},,F,,0,,,,F,,,,0.0,,
"Mischievous Sneakling",BU,Creature — Shapeshifter,{1}{U/B},common,3,-0.6598163621821379,3,-0.7699647382795035,4.5,-0.3118517984152959,4,-0.0502026138392448,4,-0.0358049495277095,3.7,-0.3655280924487784,0.3395597293454827
"Mistbind Clique",U,Creature — Faerie Wizard,{3}{U},,,,7,,,,A-,,,,,,
"Mistbind Clique * B- Wanderwine Prophets * D- Black Grade Gloom Ripper",,,,,A-,,,,,,,,,,,,
"Mistmeadow Council",G,Creature — Kithkin Advisor,{4}{G},common,4.5,0.466851199657173,4,-0.1393601336252496,4.5,-0.3118517984152959,5,0.69865304259616,4.5,0.3412001072640527,4.5,0.211098483495368,0.4231854121114926
"Moon-Vigil Adherents",G,Creature — Elf Druid,{2}{G}{G},uncommon,3,-0.6598163621821379,6,1.121849075683258,6.5,1.1590322540451232,4,-0.0502026138392448,4.5,0.3412001072640527,4.8,0.3824124921942102,0.7786205736804557
"Moonglove Extractor",B,Creature — Elf Warlock,{2}{B},common,3,-0.6598163621821379,4,-0.1393601336252496,4,-0.6795728115304007,2,-1.5479139267100546,3,-0.7898150631112342,3.2,-0.7632956594318154,0.5058018694859047
"Moonlit Lamenter",W,Creature — Treefolk Cleric,{2}{W},uncommon,5.5,1.2179629075500469,7,1.7524536803375117,5,0.0558692146998088,6,1.4475086990315649,6,1.4722152776393396,5.9,1.1892019558516542,0.6613134116149387
"Moonshadow",B,Creature — Elemental,{B},,B+,,7,,,,B-,,,,3.5,,
"Morcant's Eyes",G,Kindred Enchantment — Elf,{1}{G},uncommon,3,-0.6598163621821379,7,1.7524536803375117,6,0.7913112409300185,5,0.69865304259616,4,-0.0358049495277095,5,0.5093593304307686,0.9117001212582342
"Morcant's Loyalist",BG,Creature — Elf Warrior,{1}{B}{G},uncommon,5.5,1.2179629075500469,6,1.121849075683258,6.5,1.1590322540451232,6.5,1.8219365272492676,6.5,1.8492203344311016,6.2,1.4340002197917596,0.3683137797722845
"Morningtide's Light",W,Sorcery,{3}{W},,D,,0,,,,B-,,,,,,
"Mornsong Aria",B,Legendary Enchantment,{1}{B}{B},,D,,0,,,,F,,,,1.5,,
"Mudbutton Cursetosser",B,Creature — Goblin Warlock,{B},uncommon,4.5,0.466851199657173,6,1.121849075683258,5.5,0.4235902278149136,4.5,0.3242252143784576,4.5,0.3412001072640527,5,0.535543164959571,0.3329531376538592
"Mutable Explorer",G,Creature — Shapeshifter,{2}{G},,B,,7,,,,B+,,,,4.25,,
"Nameless Inversion",B,Kindred Instant — Shapeshifter,{1}{B},uncommon,5.5,1.2179629075500469,7,1.7524536803375117,6,0.7913112409300185,5.5,1.0730808708138624,5.5,1.0952102208475774,5.9,1.186003784095803,0.3530807732043303
"Nightmare Sower",B,Creature — Faerie Assassin,{3}{B},uncommon,4.5,0.466851199657173,6,1.121849075683258,4.5,-0.3118517984152959,4,-0.0502026138392448,4,-0.0358049495277095,4.6,0.2381681827116361,0.5687549595330431
"Noggle Robber",GR,Creature — Noggle Rogue,{1}{R/G}{R/G},uncommon,5,0.8424070536036099,3,-0.7699647382795035,5.5,0.4235902278149136,6,1.4475086990315649,5.5,1.0952102208475774,5,0.6077502926036324,0.8558458964786356
"Noggle the Mind",U,Enchantment — Aura,{1}{U},uncommon,5,0.8424070536036099,2,-1.4005693429337571,5,0.0558692146998088,5.5,1.0730808708138624,5,0.718205164055815,4.5,0.2577985920478677,1.0011725800470102
"Oko, Lorwyn Liege",,,,,,,,,,,B+,,,,,,
"Oko, Lorwyn Liege // Oko, Shadowmoor Scion",GU,Legendary Planeswalker — Oko // Legendary Planeswalker — Oko,,,A-,,,,,,,,,,,,
"Oko, Shadowmoor Scion",,,,,,,8,,,,,,,,,,
"Omni-Changeling",U,Creature — Shapeshifter,{3}{U}{U},uncommon,4,0.091295345710736,6,1.121849075683258,6.5,1.1590322540451232,4,-0.0502026138392448,4,-0.0358049495277095,4.9,0.4572338224144325,0.6262436446234708
"Overgrown Tomb",BG,Land — Swamp Forest,,,C+,,,,,,C+,,,,,,
"Pacifism",W,Enchantment — Aura,{1}{W},,,,,,,,,,,,3.0,,
"Painter's Servant",,Artifact Creature — Scarecrow,{2},,,,0,,,,F,,,,1.0,,
"Perfect Intimidation",B,Sorcery,{3}{B},uncommon,1,-2.1620397779678857,3,-0.7699647382795035,2,-2.15045686399082,3,-0.7990582702746497,3,-0.7898150631112342,2.4,-1.3342669427248186,0.7504477004703637
"Personify",W,Instant,{1}{W},uncommon,4.5,0.466851199657173,5,0.4912444710290041,5.5,0.4235902278149136,5,0.69865304259616,4.5,0.3412001072640527,4.9,0.4843078096722607,0.1327244971890622
"Pestered Wellguard",U,Creature — Merfolk Soldier,{3}{U},uncommon,3,-0.6598163621821379,6,1.121849075683258,4.5,-0.3118517984152959,4.5,0.3242252143784576,3,-0.7898150631112342,4.2,-0.0630817867293904,0.7905991065421215
"Pitiless Fists",G,Enchantment — Aura,{3}{G},uncommon,5,0.8424070536036099,4,-0.1393601336252496,6,0.7913112409300185,4,-0.0502026138392448,5,0.718205164055815,4.8,0.4324721422249897,0.4843610641703
"Prideful Feastling",BW,Creature — Shapeshifter,{2}{W/B},common,4,0.091295345710736,3,-0.7699647382795035,4.5,-0.3118517984152959,3,-0.7990582702746497,3,-0.7898150631112342,3.5,-0.5158789048739895,0.3968875197265927
"Prismabasher",G,Creature — Elemental,{4}{G}{G},uncommon,5,0.8424070536036099,4,-0.1393601336252496,6,0.7913112409300185,4,-0.0502026138392448,4,-0.0358049495277095,4.6,0.2816701195082848,0.4904988242991223
"Prismatic Undercurrents",G,Enchantment,{3}{G},uncommon,,-2.91315148586076,1,-2.031173947588011,4.5,-0.3118517984152959,1,-2.2967695831454598,,-3.051845403861808,1.3,-2.1209584437742666,1.096124766524742
"Protective Response",W,Instant,{2}{W},uncommon,4.5,0.466851199657173,5,0.4912444710290041,6,0.7913112409300185,5,0.69865304259616,5.5,1.0952102208475774,5.2,0.7086540350119865,0.2559753152376879
"Puca's Eye",,Artifact,{2},uncommon,2,-1.410928070075012,3,-0.7699647382795035,5,0.0558692146998088,3,-0.7990582702746497,2,-1.5438251766947588,3,-0.893581408124823,0.6356368296892901
"Pummeler for Hire",G,Creature — Giant Mercenary,{4}{G},uncommon,6,1.593518761496484,5,0.4912444710290041,7.75,2.078334786832885,6.5,1.8219365272492676,6,1.4722152776393396,6.25,1.4914499648493955,0.6051558073155671
"Pyrrhic Strike",W,Instant,{2}{W},uncommon,4.5,0.466851199657173,5,0.4912444710290041,6,0.7913112409300185,5.5,1.0730808708138624,5.5,1.0952102208475774,5.3,0.7835396006555271,0.3028040237260049
"Raiding Schemes",GR,Enchantment,{3}{R}{G},,F,,0,,,,F,,,,,,
"Reaping Willow",BW,Creature — Treefolk Cleric,{1}{W/B}{W/B}{W/B},uncommon,5.5,1.2179629075500469,6,1.121849075683258,5.5,0.4235902278149136,4.5,0.3242252143784576,4,-0.0358049495277095,5.1,0.6103644951797932,0.5396961119575658
"Reckless Ransacking",R,Instant,{1}{R},common,3,-0.6598163621821379,2,-1.4005693429337571,2,-2.15045686399082,4,-0.0502026138392448,4,-0.0358049495277095,3,-0.8593700264947339,0.912775290626556
"Reclamation Sage",G,Creature — Elf Shaman,{2}{G},,,,,,,,,,,,3.0,,
"Regal Force",G,Creature — Elemental,{4}{G}{G}{G},,,,9,,,,B-,,,,4.5,,
"Reluctant Dounguard",W,Creature — Kithkin Soldier,{2}{W},common,2,-1.410928070075012,2,-1.4005693429337571,4.5,-0.3118517984152959,3,-0.7990582702746497,3,-0.7898150631112342,2.9,-0.94244450896199,0.4665987940176861
"Requiting Hex",B,Instant,{B},uncommon,5,0.8424070536036099,5,0.4912444710290041,5,0.0558692146998088,5.5,1.0730808708138624,5.5,1.0952102208475774,5.2,0.7115623661987724,0.4397371719653999
"Retched Wretch",B,Creature — Goblin,{2}{B},uncommon,3,-0.6598163621821379,4,-0.1393601336252496,5,0.0558692146998088,2,-1.5479139267100546,3,-0.7898150631112342,3.4,-0.6162072541857736,0.6283288760002562
"Rhys, the Evermore",W,Legendary Creature — Elf Warrior,{1}{W},,B,,7,,,,C+,,,,4.5,,
"Rime Chill",U,Instant,{6}{U},uncommon,4.5,0.466851199657173,5,0.4912444710290041,5.5,0.4235902278149136,4.5,0.3242252143784576,4.5,0.3412001072640527,4.8,0.4094222440287202,0.0743412525896479
"Rimefire Torque",U,Artifact,{1}{U},,F,,0,,,,F,,,,0.0,,
"Rimekin Recluse",U,Creature — Elemental Wizard,{2}{U},uncommon,6,1.593518761496484,7,1.7524536803375117,6.5,1.1590322540451232,7,2.1963643554669696,7,2.226225391222864,6.7,1.7855188885137907,0.4453816001981667
"Risen Reef",GU,Creature — Elemental,{1}{G}{U},,,,8,,,,A-,,,,3.5,,
"Riverguard's Reflexes",W,Instant,{1}{W},common,2,-1.410928070075012,2,-1.4005693429337571,4.5,-0.3118517984152959,3,-0.7990582702746497,3,-0.7898150631112342,2.9,-0.94244450896199,0.4665987940176861
"Robotics Mastery",U,Enchantment — Aura,{4}{U},,,,,,,,,,,,3.5,,
"Rooftop Percher",,Creature — Shapeshifter,{5},common,4,0.091295345710736,2,-1.4005693429337571,2,-2.15045686399082,3,-0.7990582702746497,3,-0.7898150631112342,2.8,-1.009720838919945,0.8305141688835449
"Run Away Together",U,Instant,{1}{U},common,4.5,0.466851199657173,4,-0.1393601336252496,4.5,-0.3118517984152959,3,-0.7990582702746497,3,-0.7898150631112342,3.8,-0.3146468131538513,0.5248599102885904
"Safewright Cavalry",G,Creature — Elf Warrior,{3}{G},common,3,-0.6598163621821379,4,-0.1393601336252496,4.5,-0.3118517984152959,4,-0.0502026138392448,4.5,0.3412001072640527,4,-0.1640061601595751,0.366223338826195
"Sanar, Innovative First-Year",RU,Legendary Creature — Goblin Sorcerer,{2}{U/R}{U/R},,B-,,7,,,,C+,,,,4.0,,
"Sapling Nursery",G,Enchantment,{6}{G}{G},,C+,,8,,,,D+,,,,3.25,,
"Scarblade Scout",B,Creature — Elf Scout,{1}{B},common,4.5,0.466851199657173,3,-0.7699647382795035,5,0.0558692146998088,5,0.69865304259616,5,0.718205164055815,4.5,0.2339227765458906,0.6213397851894238
"Scarblade's Malice",B,Instant,{B},common,4,0.091295345710736,3,-0.7699647382795035,2,-2.15045686399082,4.5,0.3242252143784576,4.5,0.3412001072640527,3.6,-0.4327401869834155,1.0619397838285194
"Scuzzback Scrounger",R,Creature — Goblin Warrior,{1}{R},,C,,5,,,,C+,,,,4.0,,
"Sear",R,Instant,{1}{R},uncommon,5.5,1.2179629075500469,6,1.121849075683258,6.5,1.1590322540451232,6.5,1.8219365272492676,6.5,1.8492203344311016,6.2,1.4340002197917596,0.3683137797722845
"Selfless Safewright",G,Creature — Elf Warrior,{3}{G}{G},,B-,,6,,,,C+,,,,4.0,,
"Shadow Urchin",BR,Creature — Ouphe,{2}{B/R},,C,,6,,,,B+,,,,3.5,,
"Shatter",R,Instant,{1}{R},,,,,,,,,,,,3.0,,
"Shimmercreep",B,Creature — Elemental,{4}{B},uncommon,3,-0.6598163621821379,4,-0.1393601336252496,6,0.7913112409300185,5,0.69865304259616,4,-0.0358049495277095,4.4,0.1309965676382162,0.6092105390060377
"Shimmerwilds Growth",G,Enchantment — Aura,{1}{G},uncommon,4,0.091295345710736,5,0.4912444710290041,6,0.7913112409300185,5,0.69865304259616,4,-0.0358049495277095,4.8,0.4073398301476418,0.3659230905201323
"Shinestriker",U,Creature — Elemental,{4}{U}{U},uncommon,6,1.593518761496484,3,-0.7699647382795035,6.5,1.1590322540451232,5,0.69865304259616,6,1.4722152776393396,5.3,0.8306909194995207,0.9592706065418644
"Shore Lurker",W,Creature — Merfolk Scout,{3}{W},common,3,-0.6598163621821379,2,-1.4005693429337571,4.5,-0.3118517984152959,3,-0.7990582702746497,3,-0.7898150631112342,3.1,-0.792222167383415,0.3932002673852604
"Silvergill Mentor",U,Creature — Merfolk Wizard,{1}{U},uncommon,4.5,0.466851199657173,5,0.4912444710290041,6.5,1.1590322540451232,5.5,1.0730808708138624,5.5,1.0952102208475774,5.4,0.8570838032785482,0.3466452411321837
"Silvergill Peddler",U,Creature — Merfolk Citizen,{2}{U},common,3,-0.6598163621821379,3,-0.7699647382795035,4.5,-0.3118517984152959,3,-0.7990582702746497,3,-0.7898150631112342,3.3,-0.6661012464525642,0.2057319097486873
"Sizzling Changeling",R,Creature — Shapeshifter,{2}{R},uncommon,5.5,1.2179629075500469,4,-0.1393601336252496,6,0.7913112409300185,5,0.69865304259616,5,0.718205164055815,5.1,0.6573544443013581,0.4930488757277498
"Slippery Bogle",GU,Creature — Beast,{G/U},,,,1,,,,F,,,,1.0,,
"Slumbering Walker",W,Creature — Giant Warrior,{3}{W}{W},,B+,,8,,,,A,,,,4.25,,
"Soul Immolation",R,Sorcery,{3}{R}{R},,,,10,,,,B+,,,,4.0,,
"Soulbright Seeker",R,Creature — Elemental Sorcerer,{R},uncommon,4,0.091295345710736,5,0.4912444710290041,5.5,0.4235902278149136,4.5,0.3242252143784576,4,-0.0358049495277095,4.6,0.2589100618810804,0.2237836761799291
"Sourbread Auntie",R,Creature — Goblin Warrior,{2}{R}{R},uncommon,6,1.593518761496484,7,1.7524536803375117,6.5,1.1590322540451232,5,0.69865304259616,5,0.718205164055815,5.9,1.1843725805062189,0.4857968698996552
"Spell Snare",U,Instant,{U},uncommon,2,-1.410928070075012,1,-2.031173947588011,,-3.621340916451239,,-3.0456252395808643,,-3.051845403861808,0.6,-2.632182715511387,0.8913697166874287
"Spinerock Tyrant",R,Creature — Dragon,{3}{R}{R},,A-,,8,,,,B+,,,,4.5,,
"Spiral into Solitude",W,Enchantment — Aura,{1}{W},common,5,0.8424070536036099,5,0.4912444710290041,6,0.7913112409300185,5,0.69865304259616,5,0.718205164055815,5.2,0.7083641944429215,0.1343315172077587
"Spirited Companion",W,Enchantment Creature — Dog,{1}{W},,,,,,,,,,,,,,
"Springleaf Drum",,Artifact,{1},uncommon,3,-0.6598163621821379,1,-2.031173947588011,5,0.0558692146998088,3,-0.7990582702746497,3,-0.7898150631112342,3,-0.8447988856912447,0.7513359390446761
"Spry and Mighty",G,Sorcery,{4}{G},,C-,,6,,,,C,,,,4.5,,
"Squawkroaster",R,Creature — Elemental,{3}{R},uncommon,3,-0.6598163621821379,5,0.4912444710290041,4.5,-0.3118517984152959,4,-0.0502026138392448,3,-0.7898150631112342,3.9,-0.2640882733037817,0.512724429436886
"Stalactite Dagger",,Artifact — Equipment,{2},common,3,-0.6598163621821379,2,-1.4005693429337571,4.5,-0.3118517984152959,3,-0.7990582702746497,2,-1.5438251766947588,2.9,-0.94302419010012,0.5171123766322471
"Steam Vents",RU,Land — Island Mountain,,,C+,,,,,,C+,,,,,,
"Sting-Slinger",R,Creature — Goblin Warrior,{2}{R},uncommon,3,-0.6598163621821379,6,1.121849075683258,6,0.7913112409300185,4,-0.0502026138392448,4.5,0.3412001072640527,4.7,0.3088682895711893,0.7003599386310209
"Stoic Grove-Guide",BG,Creature — Elf Druid,{4}{B/G},common,2,-1.410928070075012,3,-0.7699647382795035,5,0.0558692146998088,3,-0.7990582702746497,3,-0.7898150631112342,3.2,-0.742779385408118,0.5221065414611288
"Stratosoarer",U,Creature — Elemental,{4}{U},common,3,-0.6598163621821379,3,-0.7699647382795035,5,0.0558692146998088,4,-0.0502026138392448,4,-0.0358049495277095,3.8,-0.2919838898257574,0.390145497348855
"Summit Sentinel",U,Creature — Elemental Soldier,{1}{U},common,4.5,0.466851199657173,4,-0.1393601336252496,5,0.0558692146998088,4,-0.0502026138392448,4,-0.0358049495277095,4.3,0.0594705434729555,0.2380185012549933
"Sun-Dappled Celebrant",W,Creature — Treefolk Cleric,{4}{W}{W},common,3,-0.6598163621821379,4,-0.1393601336252496,4.5,-0.3118517984152959,4,-0.0502026138392448,4,-0.0358049495277095,3.9,-0.2394071715179275,0.2594483333912911
"Sunderflock",U,Creature — Elemental,{7}{U}{U},,B,,9,,,,A-,,,,4.75,,
"Surly Farrier",G,Creature — Kithkin Citizen,{1}{G},common,4.5,0.466851199657173,3,-0.7699647382795035,4.5,-0.3118517984152959,4,-0.0502026138392448,4,-0.0358049495277095,4,-0.1401945800809161,0.4509925111397839
"Swat Away",U,Instant,{2}{U}{U},uncommon,5,0.8424070536036099,6,1.121849075683258,6,0.7913112409300185,6,1.4475086990315649,6,1.4722152776393396,5.8,1.1350582693775582,0.3222116368435292
"Sygg, Wanderbrine Shield",,,,,,,7,,,,,,,,,,
"Sygg, Wanderwine Wisdom",,,,,,,,,,,B+,,,,,,
"Sygg, Wanderwine Wisdom // Sygg, Wanderbrine Shield",UW,Legendary Creature — Merfolk Wizard // Legendary Creature — Merfolk Rogue,,,B,,,,,,,,,,,,
"Sygg's Command",UW,Kindred Sorcery — Merfolk,{1}{W}{U},,C+,,6,,,,B-,,,,3.5,,
"Tam, Mindful First-Year",GU,Legendary Creature — Gorgon Wizard,{1}{G/U},,B-,,6,,,,B+,,,,3.5,,
"Tanufel Rimespeaker",U,Creature — Elemental Wizard,{3}{U},uncommon,3,-0.6598163621821379,6,1.121849075683258,5.5,0.4235902278149136,4,-0.0502026138392448,3,-0.7898150631112342,4.3,0.0091210528731109,0.7904498449998371
"Taster of Wares",B,Creature — Goblin Warlock,{2}{B},,B+,,7,,,,B+,,,,4.0,,
"Team Avatar",W,Enchantment,{2}{W},,,,,,,,,,,,3.25,,
"Temple Garden",GW,Land — Forest Plains,,,C+,,5,,,,C+,,,,,,
"Temporal Cleansing",U,Sorcery,{3}{U},common,5,0.8424070536036099,6,1.121849075683258,5,0.0558692146998088,4.5,0.3242252143784576,5,0.718205164055815,5.1,0.6125111444841898,0.423204294180779
"Tend the Sprigs",G,Sorcery,{2}{G},common,2,-1.410928070075012,3,-0.7699647382795035,5,0.0558692146998088,2,-1.5479139267100546,3,-0.7898150631112342,3,-0.8925505166951991,0.6370436249635115
"Thirst for Identity",U,Instant,{2}{U},uncommon,4,0.091295345710736,5,0.4912444710290041,5.5,0.4235902278149136,3,-0.7990582702746497,3,-0.7898150631112342,4.1,-0.1165486577662459,0.6370770472716486
"Thoughtweft Charge",G,Instant,{1}{G},uncommon,5,0.8424070536036099,4,-0.1393601336252496,5,0.0558692146998088,4,-0.0502026138392448,4.5,0.3412001072640527,4.5,0.2099827256205953,0.3970725218062684
"Thoughtweft Imbuer",W,Creature — Kithkin Advisor,{3}{W},uncommon,3,-0.6598163621821379,6,1.121849075683258,5,0.0558692146998088,3,-0.7990582702746497,3,-0.7898150631112342,4,-0.214194281036991,0.8261250438996469
"Thoughtweft Lieutenant",GW,Creature — Kithkin Soldier,{G}{W},uncommon,6,1.593518761496484,7,1.7524536803375117,6,0.7913112409300185,6.5,1.8219365272492676,6.5,1.8492203344311016,6.4,1.5616881088888768,0.4419528346911016
"Thousand-Year Elixir",,Artifact,{3},,,,0,,,,F,,,,0.0,,
"Timid Shieldbearer",W,Creature — Kithkin Soldier,{1}{W},common,4,0.091295345710736,3,-0.7699647382795035,4.5,-0.3118517984152959,4,-0.0502026138392448,4,-0.0358049495277095,3.9,-0.2153057508702035,0.3429473529476444
"Tributary Vaulter",W,Creature — Merfolk Warrior,{2}{W},common,3,-0.6598163621821379,3,-0.7699647382795035,4.5,-0.3118517984152959,2,-1.5479139267100546,3,-0.7898150631112342,3.1,-0.8158723777396453,0.451957284707189
"Trystan, Callous Cultivator",,,,,,,,,,,B-,,,,,,
"Trystan, Callous Cultivator // Trystan, Penitent Culler",BG,Legendary Creature — Elf Druid // Legendary Creature — Elf Warlock,,,B,,,,,,,,,,,,
"Trystan, Penitent Culler",,,,,,,6,,,,,,,,,,
"Trystan's Command",BG,Kindred Sorcery — Elf,{4}{B}{G},,A-,,10,,,,A-,,,,4.0,,
"Tweeze",R,Instant,{2}{R},common,5.5,1.2179629075500469,5,0.4912444710290041,5,0.0558692146998088,4.5,0.3242252143784576,4.5,0.3412001072640527,4.9,0.486100382984274,0.4381631359391076
"Twilight Diviner",B,Creature — Elf Cleric,{2}{B},,B-,,4,,,,C+,,,,3.5,,
"Twinflame Travelers",RU,Creature — Elemental Sorcerer,{2}{U}{R},uncommon,4,0.091295345710736,6,1.121849075683258,6,0.7913112409300185,3,-0.7990582702746497,4,-0.0358049495277095,4.6,0.2339184885043306,0.751538503033323
"Unbury",B,Instant,{1}{B},uncommon,3,-0.6598163621821379,4,-0.1393601336252496,6,0.7913112409300185,4.5,0.3242252143784576,4.5,0.3412001072640527,4.4,0.1315120133530282,0.5513653083991696
"Unexpected Assistance",U,Instant,{3}{U}{U},common,4.5,0.466851199657173,4,-0.1393601336252496,5,0.0558692146998088,5,0.69865304259616,5.5,1.0952102208475774,4.8,0.4354447088350939,0.4949832542955455
"Unforgiving Aim",G,Instant,{2}{G},common,2,-1.410928070075012,1,-2.031173947588011,2,-2.15045686399082,,,,,1.6666666666666667,-1.8641862938846143,0.3970382432772271
"Unwelcome Sprite",U,Creature — Faerie Rogue,{1}{U},uncommon,5.5,1.2179629075500469,6,1.121849075683258,5.5,0.4235902278149136,5,0.69865304259616,5,0.718205164055815,5.4,0.8360520835400387,0.3280346679569659
"Vibrance",GR,Creature — Elemental Incarnation,{3}{R/G}{R/G},,B+,,10,,,,A+,,,,4.0,,
"Vinebred Brawler",G,Creature — Elf Berserker,{2}{G},uncommon,3,-0.6598163621821379,3,-0.7699647382795035,4.5,-0.3118517984152959,4,-0.0502026138392448,3,-0.7898150631112342,3.5,-0.5163301151654833,0.3235734350157774
"Virulent Emissary",G,Creature — Elf Assassin,{G},uncommon,5,0.8424070536036099,5,0.4912444710290041,6,0.7913112409300185,6.5,1.8219365272492676,6,1.4722152776393396,5.7,1.083822914090248,0.5455855207491079
"Voracious Tome-Skimmer",BU,Creature — Faerie Rogue,{U/B}{U/B}{U/B},uncommon,4.5,0.466851199657173,6,1.121849075683258,4.5,-0.3118517984152959,4.5,0.3242252143784576,4.5,0.3412001072640527,4.8,0.388454759713529,0.5100982592900254
"Wanderbrine Preacher",W,Creature — Merfolk Cleric,{1}{W},common,4,0.091295345710736,3,-0.7699647382795035,5.25,0.2397297212573612,4.5,0.3242252143784576,4.5,0.3412001072640527,4.25,0.0452971300662208,0.4663505201216614
"Wanderbrine Trapper",W,Creature — Merfolk Scout,{W},uncommon,5,0.8424070536036099,7,1.7524536803375117,6.5,1.1590322540451232,6,1.4475086990315649,6,1.4722152776393396,6.1,1.33472339293143,0.3461812714826275
"Wanderwine Distracter",U,Creature — Merfolk Wizard,{3}{U},common,2,-1.410928070075012,3,-0.7699647382795035,4.5,-0.3118517984152959,3,-0.7990582702746497,3,-0.7898150631112342,3.1,-0.816323588031139,0.3908951945937141
"Wanderwine Farewell",U,Kindred Sorcery — Merfolk,{5}{U}{U},uncommon,5,0.8424070536036099,7,1.7524536803375117,6.5,1.1590322540451232,5.5,1.0730808708138624,5,0.718205164055815,5.8,1.1090358045711846,0.4005054448710183
"Wanderwine Prophets",U,Creature — Merfolk Wizard,{4}{U}{U},,,,4,,,,D-,,,,2.0,,
"Warren Torchmaster",R,Creature — Goblin Warrior,{1}{R},uncommon,4.5,0.466851199657173,3,-0.7699647382795035,5.5,0.4235902278149136,3,-0.7990582702746497,4,-0.0358049495277095,4,-0.1428773061219552,0.61804751285745
"Wary Farmer",GW,Creature — Kithkin Citizen,{1}{G/W}{G/W},common,4,0.091295345710736,2,-1.4005693429337571,4.5,-0.3118517984152959,4.5,0.3242252143784576,4.5,0.3412001072640527,3.9,-0.1911400947991614,0.7256114132794821
"Wild Unraveling",U,Instant,{U}{U},common,3,-0.6598163621821379,3,-0.7699647382795035,4.5,-0.3118517984152959,4,-0.0502026138392448,4.5,0.3412001072640527,3.8,-0.2901270810904259,0.4537411359726462
"Wildvine Pummeler",G,Creature — Giant Berserker,{6}{G},common,3,-0.6598163621821379,4,-0.1393601336252496,4.5,-0.3118517984152959,4.5,0.3242252143784576,3,-0.7898150631112342,3.8,-0.315323628591092,0.4426667179264404
"Winnowing",W,Sorcery,{4}{W}{W},,B+,,1,,,,D-,,,,4.5,,
"Wistfulness",GU,Creature — Elemental Incarnation,{3}{G/U}{G/U},,A-,,6,,,,A,,,,4.0,,